  0
SECTION
  2
HEADER
  9
$ANGBASE
  50
0.0
  9
$ANGDIR
  70
1
  9
$MEASUREMENT
  70
1
  9
$INSUNITS
  70
4
  0
ENDSEC
  0
SECTION
  2
TABLES
  0
TABLE
  2
LTYPE
  70
4
  0
LTYPE
  5
40F
  2
CONTINUOUS
  70
0
  3
Solid line
  72
65
  73
0
  40
0.0
  0
LTYPE
  5
410
  2
DASHDOT
 70
0
  3
Dash Dot ____ _ ____ _
 72
65
 73
4
 40
2.0
 49
1.25
 49
-0.25
 49
0.25
 49
-0.25
  0
LTYPE
  5
411
  2
DASHED
 70
0
  3
Dashed __ __ __ __ __
 72
65
 73
2
 40
0.75
 49
0.5
 49
-0.25
  0
LTYPE
  5
43B
  2
DOTTED
 70
0
  3
Dotted .  .  .  .
 72
65
 73
2
 40
0.2
 49
0.0
 49
-0.2
  0
ENDTAB
  0
TABLE
  2
STYLE
  70
4
  0
STYLE
  2
KICAD
  70
0
  40
0
  41
1
  42
1
  50
0
  71
0
  3
isocp.shx
  0
STYLE
  2
KICADB
  70
0
  40
0
  41
1
  42
1
  50
0
  71
0
  3
isocp.shx
  0
STYLE
  2
KICADI
  70
0
  40
0
  41
1
  42
1
  50
15
  71
0
  3
isocp.shx
  0
STYLE
  2
KICADBI
  70
0
  40
0
  41
1
  42
1
  50
15
  71
0
  3
isocp.shx
  0
ENDTAB
  0
TABLE
  2
LAYER
  70
1
  0
LAYER
  2
BLACK
  70
0
  62
250
  6
CONTINUOUS
  0
ENDTAB
  0
ENDSEC
  0
SECTION
  2
ENTITIES
0
LINE
8
BLACK
6
CONTINUOUS
10
54.4237499999999983
20
-73.8174999999999955
11
73.5737499999999898
21
-73.8174999999999955
0
LINE
8
BLACK
6
CONTINUOUS
10
54.4937499999999986
20
-153.7775000000000034
11
54.4237499999999983
21
-73.8174999999999955
0
LINE
8
BLACK
6
CONTINUOUS
10
54.4937499999999986
20
-153.7775000000000034
11
78.8037499999999937
21
-153.9274999999999807
0
LINE
8
BLACK
6
CONTINUOUS
10
73.5737499999999898
20
-73.8174999999999955
11
86.59375
21
-57.3574999999999946
0
LINE
8
BLACK
6
CONTINUOUS
10
78.7637500000000017
20
-148.9675000000000011
11
78.8037499999999937
21
-153.9274999999999807
0
LINE
8
BLACK
6
CONTINUOUS
10
100.2637500000000017
20
-145.4675000000000011
11
100.2637500000000017
21
-148.9675000000000011
0
LINE
8
BLACK
6
CONTINUOUS
10
100.2637500000000017
20
-148.9675000000000011
11
78.7637500000000017
21
-148.9675000000000011
0
LINE
8
BLACK
6
CONTINUOUS
10
114.7937499999999886
20
-145.4675000000000011
11
100.2637500000000017
21
-145.4675000000000011
0
LINE
8
BLACK
6
CONTINUOUS
10
114.7937499999999886
20
-160.3474999999999966
11
114.7937499999999886
21
-145.4675000000000011
0
LINE
8
BLACK
6
CONTINUOUS
10
132.6737499999999841
20
-163.0974999999999966
11
114.7937499999999886
21
-160.3474999999999966
0
LINE
8
BLACK
6
CONTINUOUS
10
153.9937500000000057
20
-167.9174999999999898
11
132.6737499999999841
21
-163.0974999999999966
0
LINE
8
BLACK
6
CONTINUOUS
10
153.9937500000000057
20
-167.9174999999999898
11
170.5199999999999818
21
-174.1074999999999875
0
LINE
8
BLACK
6
CONTINUOUS
10
179.9137499999999932
20
-153.0074999999999932
11
170.5199999999999818
21
-174.1074999999999875
0
LINE
8
BLACK
6
CONTINUOUS
10
182.6737499999999841
20
-57.1374999999999957
11
86.59375
21
-57.3574999999999946
0
LINE
8
BLACK
6
CONTINUOUS
10
193.8937499999999829
20
-144.5275000000000034
11
179.9137499999999932
21
-153.0074999999999932
0
LINE
8
BLACK
6
CONTINUOUS
10
194.3737500000000011
20
-70.6574999999999989
11
182.6737499999999841
21
-57.1374999999999957
0
LINE
8
BLACK
6
CONTINUOUS
10
194.3737500000000011
20
-70.6574999999999989
11
194.3999999999999773
21
-94.2674999999999983
0
LINE
8
BLACK
6
CONTINUOUS
10
194.3737500000000011
20
-140.9675000000000011
11
193.8937499999999829
21
-144.5275000000000034
0
LINE
8
BLACK
6
CONTINUOUS
10
194.3999999999999773
20
-94.2674999999999983
11
196.0499999999999829
21
-94.2674999999999983
0
LINE
8
BLACK
6
CONTINUOUS
10
194.3999999999999773
20
-95.8174999999999955
11
194.3999999999999773
21
-110.5174999999999983
0
LINE
8
BLACK
6
CONTINUOUS
10
194.3999999999999773
20
-95.8174999999999955
11
196.0499999999999829
21
-95.8174999999999955
0
LINE
8
BLACK
6
CONTINUOUS
10
194.3999999999999773
20
-110.5174999999999983
11
196.0499999999999829
21
-110.5174999999999983
0
LINE
8
BLACK
6
CONTINUOUS
10
194.3999999999999773
20
-112.0174999999999983
11
194.3999999999999773
21
-126.8674999999999926
0
LINE
8
BLACK
6
CONTINUOUS
10
194.3999999999999773
20
-112.0174999999999983
11
195.9499999999999886
21
-112.0174999999999983
0
LINE
8
BLACK
6
CONTINUOUS
10
194.3999999999999773
20
-126.8674999999999926
11
195.9499999999999886
21
-126.8674999999999926
0
LINE
8
BLACK
6
CONTINUOUS
10
194.3999999999999773
20
-128.3675000000000068
11
194.3737500000000011
21
-140.9675000000000011
0
LINE
8
BLACK
6
CONTINUOUS
10
194.3999999999999773
20
-128.3675000000000068
11
195.8999999999999773
21
-128.3675000000000068
0
LINE
8
BLACK
6
CONTINUOUS
10
195.8999999999999773
20
-128.3675000000000068
11
195.8787499999999966
21
-145.6074999999999875
0
LINE
8
BLACK
6
CONTINUOUS
10
195.9499999999999886
20
-112.0174999999999983
11
195.9499999999999886
21
-126.8674999999999926
0
LINE
8
BLACK
6
CONTINUOUS
10
196.0499999999999829
20
-95.8174999999999955
11
196.0499999999999829
21
-110.5174999999999983
0
LINE
8
BLACK
6
CONTINUOUS
10
196.1174999999999784
20
-70.4249999999999972
11
196.0499999999999829
21
-94.2674999999999983
0
LINE
8
BLACK
6
CONTINUOUS
10
206.4675000000000011
20
-58.1149999999999949
11
196.1174999999999784
21
-70.4249999999999972
0
LINE
8
BLACK
6
CONTINUOUS
10
211.2574999999999932
20
-152.5149999999999864
11
195.8787499999999966
21
-145.6074999999999875
0
LINE
8
BLACK
6
CONTINUOUS
10
211.2574999999999932
20
-152.5149999999999864
11
219.0474999999999852
21
-173.8449999999999989
0
LINE
8
BLACK
6
CONTINUOUS
10
219.0474999999999852
20
-173.8449999999999989
11
238.5374999999999943
21
-166.0449999999999875
0
LINE
8
BLACK
6
CONTINUOUS
10
238.5374999999999943
20
-166.0449999999999875
11
256.2975000000000136
21
-162.7849999999999966
0
LINE
8
BLACK
6
CONTINUOUS
10
256.2975000000000136
20
-162.7849999999999966
11
275.4875000000000114
21
-158.6049999999999898
0
LINE
8
BLACK
6
CONTINUOUS
10
275.4875000000000114
20
-142.0949999999999989
11
293.8075000000000045
21
-142.0949999999999989
0
LINE
8
BLACK
6
CONTINUOUS
10
275.4875000000000114
20
-158.6049999999999898
11
275.4875000000000114
21
-142.0949999999999989
0
LINE
8
BLACK
6
CONTINUOUS
10
293.8075000000000045
20
-142.0949999999999989
11
293.8075000000000045
21
-147.3349999999999795
0
LINE
8
BLACK
6
CONTINUOUS
10
293.8075000000000045
20
-147.3349999999999795
11
312.9674999999999727
21
-147.3349999999999795
0
LINE
8
BLACK
6
CONTINUOUS
10
304.8474999999999682
20
-58.1149999999999949
11
206.4675000000000011
21
-58.1149999999999949
0
LINE
8
BLACK
6
CONTINUOUS
10
312.9674999999999727
20
-147.3349999999999795
11
312.9674999999999727
21
-152.125
0
LINE
8
BLACK
6
CONTINUOUS
10
312.9674999999999727
20
-152.125
11
334.8874999999999886
21
-152.125
0
LINE
8
BLACK
6
CONTINUOUS
10
320.4375
20
-72.1850000000000023
11
304.8474999999999682
21
-58.1149999999999949
0
LINE
8
BLACK
6
CONTINUOUS
10
334.8874999999999886
20
-72.1850000000000023
11
320.4375
21
-72.1850000000000023
0
LINE
8
BLACK
6
CONTINUOUS
10
334.8874999999999886
20
-152.125
11
334.8874999999999886
21
-72.1850000000000023
0
LINE
8
BLACK
6
CONTINUOUS
10
194.0499999999999829
20
-126.6174999999999926
11
194.5499999999999829
21
-127.1174999999999926
0
LINE
8
BLACK
6
CONTINUOUS
10
194.5499999999999829
20
-126.6174999999999926
11
194.0499999999999829
21
-127.1174999999999926
0
LINE
8
BLACK
6
CONTINUOUS
10
194.0499999999999829
20
-127.3674999999999926
11
194.5499999999999829
21
-127.8674999999999926
0
LINE
8
BLACK
6
CONTINUOUS
10
194.5499999999999829
20
-127.3674999999999926
11
194.0499999999999829
21
-127.8674999999999926
0
LINE
8
BLACK
6
CONTINUOUS
10
194.0499999999999829
20
-128.1175000000000068
11
194.5499999999999829
21
-128.6175000000000068
0
LINE
8
BLACK
6
CONTINUOUS
10
194.5499999999999829
20
-128.1175000000000068
11
194.0499999999999829
21
-128.6175000000000068
0
LINE
8
BLACK
6
CONTINUOUS
10
194.1499999999999773
20
-110.2674999999999983
11
194.6499999999999773
21
-110.7674999999999983
0
LINE
8
BLACK
6
CONTINUOUS
10
194.6499999999999773
20
-110.2674999999999983
11
194.1499999999999773
21
-110.7674999999999983
0
LINE
8
BLACK
6
CONTINUOUS
10
194.1499999999999773
20
-111.0174999999999983
11
194.6499999999999773
21
-111.5174999999999983
0
LINE
8
BLACK
6
CONTINUOUS
10
194.6499999999999773
20
-111.0174999999999983
11
194.1499999999999773
21
-111.5174999999999983
0
LINE
8
BLACK
6
CONTINUOUS
10
194.1499999999999773
20
-111.7674999999999983
11
194.6499999999999773
21
-112.2674999999999983
0
LINE
8
BLACK
6
CONTINUOUS
10
194.6499999999999773
20
-111.7674999999999983
11
194.1499999999999773
21
-112.2674999999999983
0
LINE
8
BLACK
6
CONTINUOUS
10
194.25
20
-94.0174999999999983
11
194.75
21
-94.5174999999999983
0
LINE
8
BLACK
6
CONTINUOUS
10
194.75
20
-94.0174999999999983
11
194.25
21
-94.5174999999999983
0
LINE
8
BLACK
6
CONTINUOUS
10
194.25
20
-94.7674999999999983
11
194.75
21
-95.2674999999999983
0
LINE
8
BLACK
6
CONTINUOUS
10
194.75
20
-94.7674999999999983
11
194.25
21
-95.2674999999999983
0
LINE
8
BLACK
6
CONTINUOUS
10
194.25
20
-95.5174999999999983
11
194.75
21
-96.0174999999999983
0
LINE
8
BLACK
6
CONTINUOUS
10
194.75
20
-95.5174999999999983
11
194.25
21
-96.0174999999999983
0
LINE
8
BLACK
6
CONTINUOUS
10
195.5499999999999829
20
-126.6174999999999926
11
196.0499999999999829
21
-127.1174999999999926
0
LINE
8
BLACK
6
CONTINUOUS
10
196.0499999999999829
20
-126.6174999999999926
11
195.5499999999999829
21
-127.1174999999999926
0
LINE
8
BLACK
6
CONTINUOUS
10
195.5499999999999829
20
-127.3674999999999926
11
196.0499999999999829
21
-127.8674999999999926
0
LINE
8
BLACK
6
CONTINUOUS
10
196.0499999999999829
20
-127.3674999999999926
11
195.5499999999999829
21
-127.8674999999999926
0
LINE
8
BLACK
6
CONTINUOUS
10
195.5499999999999829
20
-128.1175000000000068
11
196.0499999999999829
21
-128.6175000000000068
0
LINE
8
BLACK
6
CONTINUOUS
10
196.0499999999999829
20
-128.1175000000000068
11
195.5499999999999829
21
-128.6175000000000068
0
LINE
8
BLACK
6
CONTINUOUS
10
195.6499999999999773
20
-110.2674999999999983
11
196.1499999999999773
21
-110.7674999999999983
0
LINE
8
BLACK
6
CONTINUOUS
10
196.1499999999999773
20
-110.2674999999999983
11
195.6499999999999773
21
-110.7674999999999983
0
LINE
8
BLACK
6
CONTINUOUS
10
195.6499999999999773
20
-111.0174999999999983
11
196.1499999999999773
21
-111.5174999999999983
0
LINE
8
BLACK
6
CONTINUOUS
10
196.1499999999999773
20
-111.0174999999999983
11
195.6499999999999773
21
-111.5174999999999983
0
LINE
8
BLACK
6
CONTINUOUS
10
195.6499999999999773
20
-111.7674999999999983
11
196.1499999999999773
21
-112.2674999999999983
0
LINE
8
BLACK
6
CONTINUOUS
10
196.1499999999999773
20
-111.7674999999999983
11
195.6499999999999773
21
-112.2674999999999983
0
LINE
8
BLACK
6
CONTINUOUS
10
195.75
20
-94.0174999999999983
11
196.25
21
-94.5174999999999983
0
LINE
8
BLACK
6
CONTINUOUS
10
196.25
20
-94.0174999999999983
11
195.75
21
-94.5174999999999983
0
LINE
8
BLACK
6
CONTINUOUS
10
195.75
20
-94.7674999999999983
11
196.25
21
-95.2674999999999983
0
LINE
8
BLACK
6
CONTINUOUS
10
196.25
20
-94.7674999999999983
11
195.75
21
-95.2674999999999983
0
LINE
8
BLACK
6
CONTINUOUS
10
195.75
20
-95.5174999999999983
11
196.25
21
-96.0174999999999983
0
LINE
8
BLACK
6
CONTINUOUS
10
196.25
20
-95.5174999999999983
11
195.75
21
-96.0174999999999983
0
CIRCLE
8
BLACK
10
62.9587499999999949
20
-85.3112500000000011
40
0.875
0
CIRCLE
8
BLACK
10
62.9587499999999949
20
-104.3612499999999983
40
0.875
0
CIRCLE
8
BLACK
10
62.9587499999999949
20
-123.4112499999999955
40
0.875
0
CIRCLE
8
BLACK
10
62.9587499999999949
20
-142.4612500000000068
40
0.875
0
CIRCLE
8
BLACK
10
73.1187499999999915
20
-85.3112500000000011
40
0.875
0
CIRCLE
8
BLACK
10
73.1187499999999915
20
-104.3612499999999983
40
0.875
0
CIRCLE
8
BLACK
10
73.1187499999999915
20
-123.4112499999999955
40
0.875
0
CIRCLE
8
BLACK
10
73.1187499999999915
20
-142.4612500000000068
40
0.875
0
CIRCLE
8
BLACK
10
82.008749999999992
20
-80.5487499999999983
40
0.875
0
CIRCLE
8
BLACK
10
82.008749999999992
20
-99.6512499999999903
40
0.875
0
CIRCLE
8
BLACK
10
82.008749999999992
20
-118.6487499999999926
40
0.875
0
CIRCLE
8
BLACK
10
82.008749999999992
20
-137.6987499999999898
40
0.875
0
CIRCLE
8
BLACK
10
92.1687500000000028
20
-80.5487499999999983
40
0.875
0
CIRCLE
8
BLACK
10
92.1687500000000028
20
-99.6512499999999903
40
0.875
0
CIRCLE
8
BLACK
10
92.1687500000000028
20
-118.6487499999999926
40
0.875
0
CIRCLE
8
BLACK
10
92.1687500000000028
20
-137.6987499999999898
40
0.875
0
CIRCLE
8
BLACK
10
101.0587499999999892
20
-76.1037499999999909
40
0.875
0
CIRCLE
8
BLACK
10
101.0587499999999892
20
-95.1537500000000023
40
0.875
0
CIRCLE
8
BLACK
10
101.0587499999999892
20
-114.2037499999999994
40
0.875
0
CIRCLE
8
BLACK
10
101.0587499999999892
20
-133.2537499999999966
40
0.875
0
CIRCLE
8
BLACK
10
111.21875
20
-76.1037499999999909
40
0.875
0
CIRCLE
8
BLACK
10
111.21875
20
-95.1537500000000023
40
0.875
0
CIRCLE
8
BLACK
10
111.21875
20
-114.2037499999999994
40
0.875
0
CIRCLE
8
BLACK
10
111.21875
20
-133.2537499999999966
40
0.875
0
CIRCLE
8
BLACK
10
120.1087500000000006
20
-71.3412500000000023
40
0.875
0
CIRCLE
8
BLACK
10
120.1087500000000006
20
-90.4437499999999943
40
0.875
0
CIRCLE
8
BLACK
10
120.1087500000000006
20
-109.4412499999999966
40
0.875
0
CIRCLE
8
BLACK
10
120.1087500000000006
20
-128.491250000000008
40
0.875
0
CIRCLE
8
BLACK
10
122.4899999999999949
20
-149.6049999999999898
40
0.875
0
CIRCLE
8
BLACK
10
130.2687499999999829
20
-71.3412500000000023
40
0.875
0
CIRCLE
8
BLACK
10
130.2687499999999829
20
-90.4437499999999943
40
0.875
0
CIRCLE
8
BLACK
10
130.2687499999999829
20
-109.4412499999999966
40
0.875
0
CIRCLE
8
BLACK
10
130.2687499999999829
20
-128.491250000000008
40
0.875
0
CIRCLE
8
BLACK
10
132.6500000000000057
20
-149.6049999999999898
40
0.875
0
CIRCLE
8
BLACK
10
139.1587499999999977
20
-75.7862499999999955
40
0.875
0
CIRCLE
8
BLACK
10
139.1587499999999977
20
-94.8887500000000017
40
0.875
0
CIRCLE
8
BLACK
10
139.1587499999999977
20
-113.8862499999999898
40
0.875
0
CIRCLE
8
BLACK
10
139.1587499999999977
20
-132.9362500000000011
40
0.875
0
CIRCLE
8
BLACK
10
141.6171769999999981
20
-153.1678670000000011
40
0.875
0
CIRCLE
8
BLACK
10
149.3187499999999943
20
-75.7862499999999955
40
0.875
0
CIRCLE
8
BLACK
10
149.3187499999999943
20
-94.8887500000000017
40
0.875
0
CIRCLE
8
BLACK
10
149.3187499999999943
20
-113.8862499999999898
40
0.875
0
CIRCLE
8
BLACK
10
149.3187499999999943
20
-132.9362500000000011
40
0.875
0
CIRCLE
8
BLACK
10
151.6228229999999826
20
-154.9321329999999932
40
0.875
0
CIRCLE
8
BLACK
10
158.2087499999999807
20
-80.5487499999999983
40
0.875
0
CIRCLE
8
BLACK
10
158.2087499999999807
20
-99.5987499999999955
40
0.875
0
CIRCLE
8
BLACK
10
158.2087499999999807
20
-118.6487499999999926
40
0.875
0
CIRCLE
8
BLACK
10
158.2087499999999807
20
-137.6987499999999898
40
0.875
0
CIRCLE
8
BLACK
10
160.8963619999999821
20
-157.0750369999999805
40
0.875
0
CIRCLE
8
BLACK
10
168.3687500000000057
20
-80.5487499999999983
40
0.875
0
CIRCLE
8
BLACK
10
168.3687500000000057
20
-99.5987499999999955
40
0.875
0
CIRCLE
8
BLACK
10
168.3687500000000057
20
-118.6487499999999926
40
0.875
0
CIRCLE
8
BLACK
10
168.3687500000000057
20
-137.6987499999999898
40
0.875
0
CIRCLE
8
BLACK
10
170.4436379999999929
20
-160.5499629999999911
40
0.875
0
CIRCLE
8
BLACK
10
220.8226109999999949
20
-159.8937119999999936
40
0.875
0
CIRCLE
8
BLACK
10
222.8974999999999795
20
-79.5750000000000028
40
0.875
0
CIRCLE
8
BLACK
10
222.8974999999999795
20
-98.625
40
0.875
0
CIRCLE
8
BLACK
10
222.8974999999999795
20
-117.6749999999999972
40
0.875
0
CIRCLE
8
BLACK
10
222.8974999999999795
20
-136.7249999999999943
40
0.875
0
CIRCLE
8
BLACK
10
230.3698890000000006
20
-156.4187880000000064
40
0.875
0
CIRCLE
8
BLACK
10
233.0574999999999761
20
-79.5750000000000028
40
0.875
0
CIRCLE
8
BLACK
10
233.0574999999999761
20
-98.625
40
0.875
0
CIRCLE
8
BLACK
10
233.0574999999999761
20
-117.6749999999999972
40
0.875
0
CIRCLE
8
BLACK
10
233.0574999999999761
20
-136.7249999999999943
40
0.875
0
CIRCLE
8
BLACK
10
239.6434270000000026
20
-154.2758829999999932
40
0.875
0
CIRCLE
8
BLACK
10
241.9474999999999909
20
-74.8125
40
0.875
0
CIRCLE
8
BLACK
10
241.9474999999999909
20
-93.8624999999999972
40
0.875
0
CIRCLE
8
BLACK
10
241.9474999999999909
20
-112.9124999999999943
40
0.875
0
CIRCLE
8
BLACK
10
241.9474999999999909
20
-131.9625000000000057
40
0.875
0
CIRCLE
8
BLACK
10
249.6490729999999871
20
-152.5116170000000011
40
0.875
0
CIRCLE
8
BLACK
10
252.1074999999999875
20
-74.8125
40
0.875
0
CIRCLE
8
BLACK
10
252.1074999999999875
20
-93.8624999999999972
40
0.875
0
CIRCLE
8
BLACK
10
252.1074999999999875
20
-112.9124999999999943
40
0.875
0
CIRCLE
8
BLACK
10
252.1074999999999875
20
-131.9625000000000057
40
0.875
0
CIRCLE
8
BLACK
10
258.6162499999999795
20
-148.6312499999999943
40
0.875
0
CIRCLE
8
BLACK
10
260.9975000000000023
20
-70.0499999999999972
40
0.875
0
CIRCLE
8
BLACK
10
260.9975000000000023
20
-89.0999999999999943
40
0.875
0
CIRCLE
8
BLACK
10
260.9975000000000023
20
-108.1499999999999915
40
0.875
0
CIRCLE
8
BLACK
10
260.9975000000000023
20
-127.1999999999999886
40
0.875
0
CIRCLE
8
BLACK
10
268.7762500000000045
20
-148.6312499999999943
40
0.875
0
CIRCLE
8
BLACK
10
271.1574999999999704
20
-70.0499999999999972
40
0.875
0
CIRCLE
8
BLACK
10
271.1574999999999704
20
-89.0999999999999943
40
0.875
0
CIRCLE
8
BLACK
10
271.1574999999999704
20
-108.1499999999999915
40
0.875
0
CIRCLE
8
BLACK
10
271.1574999999999704
20
-127.1999999999999886
40
0.875
0
CIRCLE
8
BLACK
10
280.0475000000000136
20
-74.4949999999999903
40
0.875
0
CIRCLE
8
BLACK
10
280.0475000000000136
20
-93.5450000000000017
40
0.875
0
CIRCLE
8
BLACK
10
280.0475000000000136
20
-112.5949999999999989
40
0.875
0
CIRCLE
8
BLACK
10
280.0475000000000136
20
-131.6449999999999818
40
0.875
0
CIRCLE
8
BLACK
10
290.2074999999999818
20
-74.4949999999999903
40
0.875
0
CIRCLE
8
BLACK
10
290.2074999999999818
20
-93.5450000000000017
40
0.875
0
CIRCLE
8
BLACK
10
290.2074999999999818
20
-112.5949999999999989
40
0.875
0
CIRCLE
8
BLACK
10
290.2074999999999818
20
-131.6449999999999818
40
0.875
0
CIRCLE
8
BLACK
10
299.0974999999999682
20
-79.8924999999999983
40
0.875
0
CIRCLE
8
BLACK
10
299.0974999999999682
20
-98.9424999999999955
40
0.875
0
CIRCLE
8
BLACK
10
299.0974999999999682
20
-117.9924999999999926
40
0.875
0
CIRCLE
8
BLACK
10
299.0974999999999682
20
-137.0424999999999898
40
0.875
0
CIRCLE
8
BLACK
10
309.2574999999999932
20
-79.8924999999999983
40
0.875
0
CIRCLE
8
BLACK
10
309.2574999999999932
20
-98.9424999999999955
40
0.875
0
CIRCLE
8
BLACK
10
309.2574999999999932
20
-117.9924999999999926
40
0.875
0
CIRCLE
8
BLACK
10
309.2574999999999932
20
-137.0424999999999898
40
0.875
0
CIRCLE
8
BLACK
10
318.1474999999999795
20
-84.3374999999999915
40
0.875
0
CIRCLE
8
BLACK
10
318.1474999999999795
20
-103.3874999999999886
40
0.875
0
CIRCLE
8
BLACK
10
318.1474999999999795
20
-122.4375
40
0.875
0
CIRCLE
8
BLACK
10
318.1474999999999795
20
-141.4874999999999829
40
0.875
0
CIRCLE
8
BLACK
10
328.3075000000000045
20
-84.3374999999999915
40
0.875
0
CIRCLE
8
BLACK
10
328.3075000000000045
20
-103.3874999999999886
40
0.875
0
CIRCLE
8
BLACK
10
328.3075000000000045
20
-122.4375
40
0.875
0
CIRCLE
8
BLACK
10
328.3075000000000045
20
-141.4874999999999829
40
0.875
0
LINE
8
BLACK
6
CONTINUOUS
10
179.9574999999999818
20
-115.9799999999999898
11
179.9574999999999818
21
-119.1799999999999926
0
LINE
8
BLACK
6
CONTINUOUS
10
178.3574999999999875
20
-117.5799999999999983
11
181.5575000000000045
21
-117.5799999999999983
0
LINE
8
BLACK
6
CONTINUOUS
10
184.7199999999999989
20
-127.8862499999999898
11
184.7199999999999989
21
-131.0862500000000068
0
LINE
8
BLACK
6
CONTINUOUS
10
183.1200000000000045
20
-129.4862499999999841
11
186.3199999999999932
21
-129.4862499999999841
0
LINE
8
BLACK
6
CONTINUOUS
10
206.1162499999999795
20
-126.25
11
206.1162499999999795
21
-129.4499999999999886
0
LINE
8
BLACK
6
CONTINUOUS
10
204.5162499999999852
20
-127.8499999999999943
11
207.7162500000000023
21
-127.8499999999999943
0
LINE
8
BLACK
6
CONTINUOUS
10
210.8787499999999966
20
-114.34375
11
210.8787499999999966
21
-117.5437499999999886
0
LINE
8
BLACK
6
CONTINUOUS
10
209.2787500000000023
20
-115.9437499999999943
11
212.4787499999999909
21
-115.9437499999999943
0
LINE
8
BLACK
6
CONTINUOUS
10
69.4486639999999937
20
-86.7211640000000017
11
69.4486639999999937
21
-83.9013360000000006
0
LINE
8
BLACK
6
CONTINUOUS
10
69.4486639999999937
20
-83.9013360000000006
11
66.6288359999999926
21
-83.9013360000000006
0
LINE
8
BLACK
6
CONTINUOUS
10
66.6288359999999926
20
-83.9013360000000006
11
66.6288359999999926
21
-86.7211640000000017
0
LINE
8
BLACK
6
CONTINUOUS
10
66.6288359999999926
20
-86.7211640000000017
11
69.4486639999999937
21
-86.7211640000000017
0
LINE
8
BLACK
6
CONTINUOUS
10
69.4486639999999937
20
-105.7711639999999989
11
69.4486639999999937
21
-102.9513359999999977
0
LINE
8
BLACK
6
CONTINUOUS
10
69.4486639999999937
20
-102.9513359999999977
11
66.6288359999999926
21
-102.9513359999999977
0
LINE
8
BLACK
6
CONTINUOUS
10
66.6288359999999926
20
-102.9513359999999977
11
66.6288359999999926
21
-105.7711639999999989
0
LINE
8
BLACK
6
CONTINUOUS
10
66.6288359999999926
20
-105.7711639999999989
11
69.4486639999999937
21
-105.7711639999999989
0
LINE
8
BLACK
6
CONTINUOUS
10
69.4486639999999937
20
-124.821163999999996
11
69.4486639999999937
21
-122.0013359999999949
0
LINE
8
BLACK
6
CONTINUOUS
10
69.4486639999999937
20
-122.0013359999999949
11
66.6288359999999926
21
-122.0013359999999949
0
LINE
8
BLACK
6
CONTINUOUS
10
66.6288359999999926
20
-122.0013359999999949
11
66.6288359999999926
21
-124.821163999999996
0
LINE
8
BLACK
6
CONTINUOUS
10
66.6288359999999926
20
-124.821163999999996
11
69.4486639999999937
21
-124.821163999999996
0
LINE
8
BLACK
6
CONTINUOUS
10
69.4486639999999937
20
-143.8711639999999932
11
69.4486639999999937
21
-141.0513359999999921
0
LINE
8
BLACK
6
CONTINUOUS
10
69.4486639999999937
20
-141.0513359999999921
11
66.6288359999999926
21
-141.0513359999999921
0
LINE
8
BLACK
6
CONTINUOUS
10
66.6288359999999926
20
-141.0513359999999921
11
66.6288359999999926
21
-143.8711639999999932
0
LINE
8
BLACK
6
CONTINUOUS
10
66.6288359999999926
20
-143.8711639999999932
11
69.4486639999999937
21
-143.8711639999999932
0
LINE
8
BLACK
6
CONTINUOUS
10
88.4986639999999909
20
-81.9586639999999989
11
88.4986639999999909
21
-79.1388359999999977
0
LINE
8
BLACK
6
CONTINUOUS
10
88.4986639999999909
20
-79.1388359999999977
11
85.6788359999999898
21
-79.1388359999999977
0
LINE
8
BLACK
6
CONTINUOUS
10
85.6788359999999898
20
-79.1388359999999977
11
85.6788359999999898
21
-81.9586639999999989
0
LINE
8
BLACK
6
CONTINUOUS
10
85.6788359999999898
20
-81.9586639999999989
11
88.4986639999999909
21
-81.9586639999999989
0
LINE
8
BLACK
6
CONTINUOUS
10
88.4986639999999909
20
-101.0611639999999909
11
88.4986639999999909
21
-98.2413359999999898
0
LINE
8
BLACK
6
CONTINUOUS
10
88.4986639999999909
20
-98.2413359999999898
11
85.6788359999999898
21
-98.2413359999999898
0
LINE
8
BLACK
6
CONTINUOUS
10
85.6788359999999898
20
-98.2413359999999898
11
85.6788359999999898
21
-101.0611639999999909
0
LINE
8
BLACK
6
CONTINUOUS
10
85.6788359999999898
20
-101.0611639999999909
11
88.4986639999999909
21
-101.0611639999999909
0
LINE
8
BLACK
6
CONTINUOUS
10
88.4986639999999909
20
-120.0586639999999932
11
88.4986639999999909
21
-117.2388359999999921
0
LINE
8
BLACK
6
CONTINUOUS
10
88.4986639999999909
20
-117.2388359999999921
11
85.6788359999999898
21
-117.2388359999999921
0
LINE
8
BLACK
6
CONTINUOUS
10
85.6788359999999898
20
-117.2388359999999921
11
85.6788359999999898
21
-120.0586639999999932
0
LINE
8
BLACK
6
CONTINUOUS
10
85.6788359999999898
20
-120.0586639999999932
11
88.4986639999999909
21
-120.0586639999999932
0
LINE
8
BLACK
6
CONTINUOUS
10
88.4986639999999909
20
-139.1086640000000045
11
88.4986639999999909
21
-136.2888360000000034
0
LINE
8
BLACK
6
CONTINUOUS
10
88.4986639999999909
20
-136.2888360000000034
11
85.6788359999999898
21
-136.2888360000000034
0
LINE
8
BLACK
6
CONTINUOUS
10
85.6788359999999898
20
-136.2888360000000034
11
85.6788359999999898
21
-139.1086640000000045
0
LINE
8
BLACK
6
CONTINUOUS
10
85.6788359999999898
20
-139.1086640000000045
11
88.4986639999999909
21
-139.1086640000000045
0
LINE
8
BLACK
6
CONTINUOUS
10
107.5486639999999881
20
-77.5136639999999915
11
107.5486639999999881
21
-74.6938359999999903
0
LINE
8
BLACK
6
CONTINUOUS
10
107.5486639999999881
20
-74.6938359999999903
11
104.7288360000000011
21
-74.6938359999999903
0
LINE
8
BLACK
6
CONTINUOUS
10
104.7288360000000011
20
-74.6938359999999903
11
104.7288360000000011
21
-77.5136639999999915
0
LINE
8
BLACK
6
CONTINUOUS
10
104.7288360000000011
20
-77.5136639999999915
11
107.5486639999999881
21
-77.5136639999999915
0
LINE
8
BLACK
6
CONTINUOUS
10
107.5486639999999881
20
-96.5636639999999886
11
107.5486639999999881
21
-93.7438360000000017
0
LINE
8
BLACK
6
CONTINUOUS
10
107.5486639999999881
20
-93.7438360000000017
11
104.7288360000000011
21
-93.7438360000000017
0
LINE
8
BLACK
6
CONTINUOUS
10
104.7288360000000011
20
-93.7438360000000017
11
104.7288360000000011
21
-96.5636639999999886
0
LINE
8
BLACK
6
CONTINUOUS
10
104.7288360000000011
20
-96.5636639999999886
11
107.5486639999999881
21
-96.5636639999999886
0
LINE
8
BLACK
6
CONTINUOUS
10
107.5486639999999881
20
-115.613664
11
107.5486639999999881
21
-112.7938359999999989
0
LINE
8
BLACK
6
CONTINUOUS
10
107.5486639999999881
20
-112.7938359999999989
11
104.7288360000000011
21
-112.7938359999999989
0
LINE
8
BLACK
6
CONTINUOUS
10
104.7288360000000011
20
-112.7938359999999989
11
104.7288360000000011
21
-115.613664
0
LINE
8
BLACK
6
CONTINUOUS
10
104.7288360000000011
20
-115.613664
11
107.5486639999999881
21
-115.613664
0
LINE
8
BLACK
6
CONTINUOUS
10
107.5486639999999881
20
-134.6636639999999829
11
107.5486639999999881
21
-131.8438359999999818
0
LINE
8
BLACK
6
CONTINUOUS
10
107.5486639999999881
20
-131.8438359999999818
11
104.7288360000000011
21
-131.8438359999999818
0
LINE
8
BLACK
6
CONTINUOUS
10
104.7288360000000011
20
-131.8438359999999818
11
104.7288360000000011
21
-134.6636639999999829
0
LINE
8
BLACK
6
CONTINUOUS
10
104.7288360000000011
20
-134.6636639999999829
11
107.5486639999999881
21
-134.6636639999999829
0
LINE
8
BLACK
6
CONTINUOUS
10
126.5986639999999994
20
-72.7511640000000028
11
126.5986639999999994
21
-69.9313360000000017
0
LINE
8
BLACK
6
CONTINUOUS
10
126.5986639999999994
20
-69.9313360000000017
11
123.7788359999999983
21
-69.9313360000000017
0
LINE
8
BLACK
6
CONTINUOUS
10
123.7788359999999983
20
-69.9313360000000017
11
123.7788359999999983
21
-72.7511640000000028
0
LINE
8
BLACK
6
CONTINUOUS
10
123.7788359999999983
20
-72.7511640000000028
11
126.5986639999999994
21
-72.7511640000000028
0
LINE
8
BLACK
6
CONTINUOUS
10
126.5986639999999994
20
-91.8536639999999949
11
126.5986639999999994
21
-89.0338359999999938
0
LINE
8
BLACK
6
CONTINUOUS
10
126.5986639999999994
20
-89.0338359999999938
11
123.7788359999999983
21
-89.0338359999999938
0
LINE
8
BLACK
6
CONTINUOUS
10
123.7788359999999983
20
-89.0338359999999938
11
123.7788359999999983
21
-91.8536639999999949
0
LINE
8
BLACK
6
CONTINUOUS
10
123.7788359999999983
20
-91.8536639999999949
11
126.5986639999999994
21
-91.8536639999999949
0
LINE
8
BLACK
6
CONTINUOUS
10
126.5986639999999994
20
-110.8511639999999971
11
126.5986639999999994
21
-108.031335999999996
0
LINE
8
BLACK
6
CONTINUOUS
10
126.5986639999999994
20
-108.031335999999996
11
123.7788359999999983
21
-108.031335999999996
0
LINE
8
BLACK
6
CONTINUOUS
10
123.7788359999999983
20
-108.031335999999996
11
123.7788359999999983
21
-110.8511639999999971
0
LINE
8
BLACK
6
CONTINUOUS
10
123.7788359999999983
20
-110.8511639999999971
11
126.5986639999999994
21
-110.8511639999999971
0
LINE
8
BLACK
6
CONTINUOUS
10
126.5986639999999994
20
-129.9011639999999943
11
126.5986639999999994
21
-127.0813359999999932
0
LINE
8
BLACK
6
CONTINUOUS
10
126.5986639999999994
20
-127.0813359999999932
11
123.7788359999999983
21
-127.0813359999999932
0
LINE
8
BLACK
6
CONTINUOUS
10
123.7788359999999983
20
-127.0813359999999932
11
123.7788359999999983
21
-129.9011639999999943
0
LINE
8
BLACK
6
CONTINUOUS
10
123.7788359999999983
20
-129.9011639999999943
11
126.5986639999999994
21
-129.9011639999999943
0
LINE
8
BLACK
6
CONTINUOUS
10
128.9799140000000079
20
-151.0149140000000045
11
128.9799140000000079
21
-148.1950860000000034
0
LINE
8
BLACK
6
CONTINUOUS
10
128.9799140000000079
20
-148.1950860000000034
11
126.1600859999999926
21
-148.1950860000000034
0
LINE
8
BLACK
6
CONTINUOUS
10
126.1600859999999926
20
-148.1950860000000034
11
126.1600859999999926
21
-151.0149140000000045
0
LINE
8
BLACK
6
CONTINUOUS
10
126.1600859999999926
20
-151.0149140000000045
11
128.9799140000000079
21
-151.0149140000000045
0
LINE
8
BLACK
6
CONTINUOUS
10
145.6486639999999966
20
-77.196163999999996
11
145.6486639999999966
21
-74.3763359999999949
0
LINE
8
BLACK
6
CONTINUOUS
10
145.6486639999999966
20
-74.3763359999999949
11
142.8288359999999955
21
-74.3763359999999949
0
LINE
8
BLACK
6
CONTINUOUS
10
142.8288359999999955
20
-74.3763359999999949
11
142.8288359999999955
21
-77.196163999999996
0
LINE
8
BLACK
6
CONTINUOUS
10
142.8288359999999955
20
-77.196163999999996
11
145.6486639999999966
21
-77.196163999999996
0
LINE
8
BLACK
6
CONTINUOUS
10
145.6486639999999966
20
-96.2986640000000023
11
145.6486639999999966
21
-93.4788360000000011
0
LINE
8
BLACK
6
CONTINUOUS
10
145.6486639999999966
20
-93.4788360000000011
11
142.8288359999999955
21
-93.4788360000000011
0
LINE
8
BLACK
6
CONTINUOUS
10
142.8288359999999955
20
-93.4788360000000011
11
142.8288359999999955
21
-96.2986640000000023
0
LINE
8
BLACK
6
CONTINUOUS
10
142.8288359999999955
20
-96.2986640000000023
11
145.6486639999999966
21
-96.2986640000000023
0
LINE
8
BLACK
6
CONTINUOUS
10
145.6486639999999966
20
-115.2961639999999903
11
145.6486639999999966
21
-112.4763359999999892
0
LINE
8
BLACK
6
CONTINUOUS
10
145.6486639999999966
20
-112.4763359999999892
11
142.8288359999999955
21
-112.4763359999999892
0
LINE
8
BLACK
6
CONTINUOUS
10
142.8288359999999955
20
-112.4763359999999892
11
142.8288359999999955
21
-115.2961639999999903
0
LINE
8
BLACK
6
CONTINUOUS
10
142.8288359999999955
20
-115.2961639999999903
11
145.6486639999999966
21
-115.2961639999999903
0
LINE
8
BLACK
6
CONTINUOUS
10
145.6486639999999966
20
-134.3461639999999875
11
145.6486639999999966
21
-131.5263359999999864
0
LINE
8
BLACK
6
CONTINUOUS
10
145.6486639999999966
20
-131.5263359999999864
11
142.8288359999999955
21
-131.5263359999999864
0
LINE
8
BLACK
6
CONTINUOUS
10
142.8288359999999955
20
-131.5263359999999864
11
142.8288359999999955
21
-134.3461639999999875
0
LINE
8
BLACK
6
CONTINUOUS
10
142.8288359999999955
20
-134.3461639999999875
11
145.6486639999999966
21
-134.3461639999999875
0
LINE
8
BLACK
6
CONTINUOUS
10
148.0299139999999909
20
-155.4599139999999977
11
148.0299139999999909
21
-152.6400859999999966
0
LINE
8
BLACK
6
CONTINUOUS
10
148.0299139999999909
20
-152.6400859999999966
11
145.2100859999999898
21
-152.6400859999999966
0
LINE
8
BLACK
6
CONTINUOUS
10
145.2100859999999898
20
-152.6400859999999966
11
145.2100859999999898
21
-155.4599139999999977
0
LINE
8
BLACK
6
CONTINUOUS
10
145.2100859999999898
20
-155.4599139999999977
11
148.0299139999999909
21
-155.4599139999999977
0
LINE
8
BLACK
6
CONTINUOUS
10
164.6986639999999795
20
-81.9586639999999989
11
164.6986639999999795
21
-79.1388359999999977
0
LINE
8
BLACK
6
CONTINUOUS
10
164.6986639999999795
20
-79.1388359999999977
11
161.8788360000000068
21
-79.1388359999999977
0
LINE
8
BLACK
6
CONTINUOUS
10
161.8788360000000068
20
-79.1388359999999977
11
161.8788360000000068
21
-81.9586639999999989
0
LINE
8
BLACK
6
CONTINUOUS
10
161.8788360000000068
20
-81.9586639999999989
11
164.6986639999999795
21
-81.9586639999999989
0
LINE
8
BLACK
6
CONTINUOUS
10
164.6986639999999795
20
-101.008663999999996
11
164.6986639999999795
21
-98.1888359999999949
0
LINE
8
BLACK
6
CONTINUOUS
10
164.6986639999999795
20
-98.1888359999999949
11
161.8788360000000068
21
-98.1888359999999949
0
LINE
8
BLACK
6
CONTINUOUS
10
161.8788360000000068
20
-98.1888359999999949
11
161.8788360000000068
21
-101.008663999999996
0
LINE
8
BLACK
6
CONTINUOUS
10
161.8788360000000068
20
-101.008663999999996
11
164.6986639999999795
21
-101.008663999999996
0
LINE
8
BLACK
6
CONTINUOUS
10
164.6986639999999795
20
-120.0586639999999932
11
164.6986639999999795
21
-117.2388359999999921
0
LINE
8
BLACK
6
CONTINUOUS
10
164.6986639999999795
20
-117.2388359999999921
11
161.8788360000000068
21
-117.2388359999999921
0
LINE
8
BLACK
6
CONTINUOUS
10
161.8788360000000068
20
-117.2388359999999921
11
161.8788360000000068
21
-120.0586639999999932
0
LINE
8
BLACK
6
CONTINUOUS
10
161.8788360000000068
20
-120.0586639999999932
11
164.6986639999999795
21
-120.0586639999999932
0
LINE
8
BLACK
6
CONTINUOUS
10
164.6986639999999795
20
-139.1086640000000045
11
164.6986639999999795
21
-136.2888360000000034
0
LINE
8
BLACK
6
CONTINUOUS
10
164.6986639999999795
20
-136.2888360000000034
11
161.8788360000000068
21
-136.2888360000000034
0
LINE
8
BLACK
6
CONTINUOUS
10
161.8788360000000068
20
-136.2888360000000034
11
161.8788360000000068
21
-139.1086640000000045
0
LINE
8
BLACK
6
CONTINUOUS
10
161.8788360000000068
20
-139.1086640000000045
11
164.6986639999999795
21
-139.1086640000000045
0
LINE
8
BLACK
6
CONTINUOUS
10
167.0799140000000023
20
-160.2224139999999863
11
167.0799140000000023
21
-157.4025859999999852
0
LINE
8
BLACK
6
CONTINUOUS
10
167.0799140000000023
20
-157.4025859999999852
11
164.2600860000000011
21
-157.4025859999999852
0
LINE
8
BLACK
6
CONTINUOUS
10
164.2600860000000011
20
-157.4025859999999852
11
164.2600860000000011
21
-160.2224139999999863
0
LINE
8
BLACK
6
CONTINUOUS
10
164.2600860000000011
20
-160.2224139999999863
11
167.0799140000000023
21
-160.2224139999999863
0
LINE
8
BLACK
6
CONTINUOUS
10
227.0061639999999841
20
-159.5661639999999863
11
227.0061639999999841
21
-156.7463359999999852
0
LINE
8
BLACK
6
CONTINUOUS
10
227.0061639999999841
20
-156.7463359999999852
11
224.186335999999983
21
-156.7463359999999852
0
LINE
8
BLACK
6
CONTINUOUS
10
224.186335999999983
20
-156.7463359999999852
11
224.186335999999983
21
-159.5661639999999863
0
LINE
8
BLACK
6
CONTINUOUS
10
224.186335999999983
20
-159.5661639999999863
11
227.0061639999999841
21
-159.5661639999999863
0
LINE
8
BLACK
6
CONTINUOUS
10
229.3874139999999784
20
-80.9849140000000034
11
229.3874139999999784
21
-78.1650860000000023
0
LINE
8
BLACK
6
CONTINUOUS
10
229.3874139999999784
20
-78.1650860000000023
11
226.5675859999999773
21
-78.1650860000000023
0
LINE
8
BLACK
6
CONTINUOUS
10
226.5675859999999773
20
-78.1650860000000023
11
226.5675859999999773
21
-80.9849140000000034
0
LINE
8
BLACK
6
CONTINUOUS
10
226.5675859999999773
20
-80.9849140000000034
11
229.3874139999999784
21
-80.9849140000000034
0
LINE
8
BLACK
6
CONTINUOUS
10
229.3874139999999784
20
-100.0349140000000006
11
229.3874139999999784
21
-97.2150859999999994
0
LINE
8
BLACK
6
CONTINUOUS
10
229.3874139999999784
20
-97.2150859999999994
11
226.5675859999999773
21
-97.2150859999999994
0
LINE
8
BLACK
6
CONTINUOUS
10
226.5675859999999773
20
-97.2150859999999994
11
226.5675859999999773
21
-100.0349140000000006
0
LINE
8
BLACK
6
CONTINUOUS
10
226.5675859999999773
20
-100.0349140000000006
11
229.3874139999999784
21
-100.0349140000000006
0
LINE
8
BLACK
6
CONTINUOUS
10
229.3874139999999784
20
-119.0849139999999977
11
229.3874139999999784
21
-116.2650859999999966
0
LINE
8
BLACK
6
CONTINUOUS
10
229.3874139999999784
20
-116.2650859999999966
11
226.5675859999999773
21
-116.2650859999999966
0
LINE
8
BLACK
6
CONTINUOUS
10
226.5675859999999773
20
-116.2650859999999966
11
226.5675859999999773
21
-119.0849139999999977
0
LINE
8
BLACK
6
CONTINUOUS
10
226.5675859999999773
20
-119.0849139999999977
11
229.3874139999999784
21
-119.0849139999999977
0
LINE
8
BLACK
6
CONTINUOUS
10
229.3874139999999784
20
-138.1349139999999807
11
229.3874139999999784
21
-135.315086000000008
0
LINE
8
BLACK
6
CONTINUOUS
10
229.3874139999999784
20
-135.315086000000008
11
226.5675859999999773
21
-135.315086000000008
0
LINE
8
BLACK
6
CONTINUOUS
10
226.5675859999999773
20
-135.315086000000008
11
226.5675859999999773
21
-138.1349139999999807
0
LINE
8
BLACK
6
CONTINUOUS
10
226.5675859999999773
20
-138.1349139999999807
11
229.3874139999999784
21
-138.1349139999999807
0
LINE
8
BLACK
6
CONTINUOUS
10
246.0561639999999954
20
-154.8036639999999977
11
246.0561639999999954
21
-151.9838359999999966
0
LINE
8
BLACK
6
CONTINUOUS
10
246.0561639999999954
20
-151.9838359999999966
11
243.2363359999999943
21
-151.9838359999999966
0
LINE
8
BLACK
6
CONTINUOUS
10
243.2363359999999943
20
-151.9838359999999966
11
243.2363359999999943
21
-154.8036639999999977
0
LINE
8
BLACK
6
CONTINUOUS
10
243.2363359999999943
20
-154.8036639999999977
11
246.0561639999999954
21
-154.8036639999999977
0
LINE
8
BLACK
6
CONTINUOUS
10
248.4374139999999898
20
-76.2224140000000006
11
248.4374139999999898
21
-73.4025859999999994
0
LINE
8
BLACK
6
CONTINUOUS
10
248.4374139999999898
20
-73.4025859999999994
11
245.6175859999999886
21
-73.4025859999999994
0
LINE
8
BLACK
6
CONTINUOUS
10
245.6175859999999886
20
-73.4025859999999994
11
245.6175859999999886
21
-76.2224140000000006
0
LINE
8
BLACK
6
CONTINUOUS
10
245.6175859999999886
20
-76.2224140000000006
11
248.4374139999999898
21
-76.2224140000000006
0
LINE
8
BLACK
6
CONTINUOUS
10
248.4374139999999898
20
-95.2724139999999977
11
248.4374139999999898
21
-92.4525859999999966
0
LINE
8
BLACK
6
CONTINUOUS
10
248.4374139999999898
20
-92.4525859999999966
11
245.6175859999999886
21
-92.4525859999999966
0
LINE
8
BLACK
6
CONTINUOUS
10
245.6175859999999886
20
-92.4525859999999966
11
245.6175859999999886
21
-95.2724139999999977
0
LINE
8
BLACK
6
CONTINUOUS
10
245.6175859999999886
20
-95.2724139999999977
11
248.4374139999999898
21
-95.2724139999999977
0
LINE
8
BLACK
6
CONTINUOUS
10
248.4374139999999898
20
-114.3224139999999949
11
248.4374139999999898
21
-111.5025859999999938
0
LINE
8
BLACK
6
CONTINUOUS
10
248.4374139999999898
20
-111.5025859999999938
11
245.6175859999999886
21
-111.5025859999999938
0
LINE
8
BLACK
6
CONTINUOUS
10
245.6175859999999886
20
-111.5025859999999938
11
245.6175859999999886
21
-114.3224139999999949
0
LINE
8
BLACK
6
CONTINUOUS
10
245.6175859999999886
20
-114.3224139999999949
11
248.4374139999999898
21
-114.3224139999999949
0
LINE
8
BLACK
6
CONTINUOUS
10
248.4374139999999898
20
-133.372413999999992
11
248.4374139999999898
21
-130.5525859999999909
0
LINE
8
BLACK
6
CONTINUOUS
10
248.4374139999999898
20
-130.5525859999999909
11
245.6175859999999886
21
-130.5525859999999909
0
LINE
8
BLACK
6
CONTINUOUS
10
245.6175859999999886
20
-130.5525859999999909
11
245.6175859999999886
21
-133.372413999999992
0
LINE
8
BLACK
6
CONTINUOUS
10
245.6175859999999886
20
-133.372413999999992
11
248.4374139999999898
21
-133.372413999999992
0
LINE
8
BLACK
6
CONTINUOUS
10
265.1061639999999784
20
-150.0411639999999807
11
265.1061639999999784
21
-147.2213359999999795
0
LINE
8
BLACK
6
CONTINUOUS
10
265.1061639999999784
20
-147.2213359999999795
11
262.2863360000000057
21
-147.2213359999999795
0
LINE
8
BLACK
6
CONTINUOUS
10
262.2863360000000057
20
-147.2213359999999795
11
262.2863360000000057
21
-150.0411639999999807
0
LINE
8
BLACK
6
CONTINUOUS
10
262.2863360000000057
20
-150.0411639999999807
11
265.1061639999999784
21
-150.0411639999999807
0
LINE
8
BLACK
6
CONTINUOUS
10
267.4874140000000011
20
-71.4599139999999977
11
267.4874140000000011
21
-68.6400859999999966
0
LINE
8
BLACK
6
CONTINUOUS
10
267.4874140000000011
20
-68.6400859999999966
11
264.6675859999999716
21
-68.6400859999999966
0
LINE
8
BLACK
6
CONTINUOUS
10
264.6675859999999716
20
-68.6400859999999966
11
264.6675859999999716
21
-71.4599139999999977
0
LINE
8
BLACK
6
CONTINUOUS
10
264.6675859999999716
20
-71.4599139999999977
11
267.4874140000000011
21
-71.4599139999999977
0
LINE
8
BLACK
6
CONTINUOUS
10
267.4874140000000011
20
-90.5099139999999949
11
267.4874140000000011
21
-87.6900859999999938
0
LINE
8
BLACK
6
CONTINUOUS
10
267.4874140000000011
20
-87.6900859999999938
11
264.6675859999999716
21
-87.6900859999999938
0
LINE
8
BLACK
6
CONTINUOUS
10
264.6675859999999716
20
-87.6900859999999938
11
264.6675859999999716
21
-90.5099139999999949
0
LINE
8
BLACK
6
CONTINUOUS
10
264.6675859999999716
20
-90.5099139999999949
11
267.4874140000000011
21
-90.5099139999999949
0
LINE
8
BLACK
6
CONTINUOUS
10
267.4874140000000011
20
-109.559913999999992
11
267.4874140000000011
21
-106.7400859999999909
0
LINE
8
BLACK
6
CONTINUOUS
10
267.4874140000000011
20
-106.7400859999999909
11
264.6675859999999716
21
-106.7400859999999909
0
LINE
8
BLACK
6
CONTINUOUS
10
264.6675859999999716
20
-106.7400859999999909
11
264.6675859999999716
21
-109.559913999999992
0
LINE
8
BLACK
6
CONTINUOUS
10
264.6675859999999716
20
-109.559913999999992
11
267.4874140000000011
21
-109.559913999999992
0
LINE
8
BLACK
6
CONTINUOUS
10
267.4874140000000011
20
-128.6099140000000034
11
267.4874140000000011
21
-125.7900859999999881
0
LINE
8
BLACK
6
CONTINUOUS
10
267.4874140000000011
20
-125.7900859999999881
11
264.6675859999999716
21
-125.7900859999999881
0
LINE
8
BLACK
6
CONTINUOUS
10
264.6675859999999716
20
-125.7900859999999881
11
264.6675859999999716
21
-128.6099140000000034
0
LINE
8
BLACK
6
CONTINUOUS
10
264.6675859999999716
20
-128.6099140000000034
11
267.4874140000000011
21
-128.6099140000000034
0
LINE
8
BLACK
6
CONTINUOUS
10
286.5374140000000125
20
-75.9049139999999909
11
286.5374140000000125
21
-73.0850859999999898
0
LINE
8
BLACK
6
CONTINUOUS
10
286.5374140000000125
20
-73.0850859999999898
11
283.717585999999983
21
-73.0850859999999898
0
LINE
8
BLACK
6
CONTINUOUS
10
283.717585999999983
20
-73.0850859999999898
11
283.717585999999983
21
-75.9049139999999909
0
LINE
8
BLACK
6
CONTINUOUS
10
283.717585999999983
20
-75.9049139999999909
11
286.5374140000000125
21
-75.9049139999999909
0
LINE
8
BLACK
6
CONTINUOUS
10
286.5374140000000125
20
-94.9549140000000023
11
286.5374140000000125
21
-92.1350860000000011
0
LINE
8
BLACK
6
CONTINUOUS
10
286.5374140000000125
20
-92.1350860000000011
11
283.717585999999983
21
-92.1350860000000011
0
LINE
8
BLACK
6
CONTINUOUS
10
283.717585999999983
20
-92.1350860000000011
11
283.717585999999983
21
-94.9549140000000023
0
LINE
8
BLACK
6
CONTINUOUS
10
283.717585999999983
20
-94.9549140000000023
11
286.5374140000000125
21
-94.9549140000000023
0
LINE
8
BLACK
6
CONTINUOUS
10
286.5374140000000125
20
-114.0049139999999994
11
286.5374140000000125
21
-111.1850859999999983
0
LINE
8
BLACK
6
CONTINUOUS
10
286.5374140000000125
20
-111.1850859999999983
11
283.717585999999983
21
-111.1850859999999983
0
LINE
8
BLACK
6
CONTINUOUS
10
283.717585999999983
20
-111.1850859999999983
11
283.717585999999983
21
-114.0049139999999994
0
LINE
8
BLACK
6
CONTINUOUS
10
283.717585999999983
20
-114.0049139999999994
11
286.5374140000000125
21
-114.0049139999999994
0
LINE
8
BLACK
6
CONTINUOUS
10
286.5374140000000125
20
-133.0549139999999966
11
286.5374140000000125
21
-130.2350859999999955
0
LINE
8
BLACK
6
CONTINUOUS
10
286.5374140000000125
20
-130.2350859999999955
11
283.717585999999983
21
-130.2350859999999955
0
LINE
8
BLACK
6
CONTINUOUS
10
283.717585999999983
20
-130.2350859999999955
11
283.717585999999983
21
-133.0549139999999966
0
LINE
8
BLACK
6
CONTINUOUS
10
283.717585999999983
20
-133.0549139999999966
11
286.5374140000000125
21
-133.0549139999999966
0
LINE
8
BLACK
6
CONTINUOUS
10
305.587413999999967
20
-81.3024139999999989
11
305.587413999999967
21
-78.4825859999999977
0
LINE
8
BLACK
6
CONTINUOUS
10
305.587413999999967
20
-78.4825859999999977
11
302.7675859999999943
21
-78.4825859999999977
0
LINE
8
BLACK
6
CONTINUOUS
10
302.7675859999999943
20
-78.4825859999999977
11
302.7675859999999943
21
-81.3024139999999989
0
LINE
8
BLACK
6
CONTINUOUS
10
302.7675859999999943
20
-81.3024139999999989
11
305.587413999999967
21
-81.3024139999999989
0
LINE
8
BLACK
6
CONTINUOUS
10
305.587413999999967
20
-100.352413999999996
11
305.587413999999967
21
-97.5325859999999949
0
LINE
8
BLACK
6
CONTINUOUS
10
305.587413999999967
20
-97.5325859999999949
11
302.7675859999999943
21
-97.5325859999999949
0
LINE
8
BLACK
6
CONTINUOUS
10
302.7675859999999943
20
-97.5325859999999949
11
302.7675859999999943
21
-100.352413999999996
0
LINE
8
BLACK
6
CONTINUOUS
10
302.7675859999999943
20
-100.352413999999996
11
305.587413999999967
21
-100.352413999999996
0
LINE
8
BLACK
6
CONTINUOUS
10
305.587413999999967
20
-119.4024139999999932
11
305.587413999999967
21
-116.5825859999999921
0
LINE
8
BLACK
6
CONTINUOUS
10
305.587413999999967
20
-116.5825859999999921
11
302.7675859999999943
21
-116.5825859999999921
0
LINE
8
BLACK
6
CONTINUOUS
10
302.7675859999999943
20
-116.5825859999999921
11
302.7675859999999943
21
-119.4024139999999932
0
LINE
8
BLACK
6
CONTINUOUS
10
302.7675859999999943
20
-119.4024139999999932
11
305.587413999999967
21
-119.4024139999999932
0
LINE
8
BLACK
6
CONTINUOUS
10
305.587413999999967
20
-138.4524140000000045
11
305.587413999999967
21
-135.6325860000000034
0
LINE
8
BLACK
6
CONTINUOUS
10
305.587413999999967
20
-135.6325860000000034
11
302.7675859999999943
21
-135.6325860000000034
0
LINE
8
BLACK
6
CONTINUOUS
10
302.7675859999999943
20
-135.6325860000000034
11
302.7675859999999943
21
-138.4524140000000045
0
LINE
8
BLACK
6
CONTINUOUS
10
302.7675859999999943
20
-138.4524140000000045
11
305.587413999999967
21
-138.4524140000000045
0
LINE
8
BLACK
6
CONTINUOUS
10
324.6374139999999784
20
-85.747413999999992
11
324.6374139999999784
21
-82.9275859999999909
0
LINE
8
BLACK
6
CONTINUOUS
10
324.6374139999999784
20
-82.9275859999999909
11
321.8175860000000057
21
-82.9275859999999909
0
LINE
8
BLACK
6
CONTINUOUS
10
321.8175860000000057
20
-82.9275859999999909
11
321.8175860000000057
21
-85.747413999999992
0
LINE
8
BLACK
6
CONTINUOUS
10
321.8175860000000057
20
-85.747413999999992
11
324.6374139999999784
21
-85.747413999999992
0
LINE
8
BLACK
6
CONTINUOUS
10
324.6374139999999784
20
-104.7974139999999892
11
324.6374139999999784
21
-101.9775860000000023
0
LINE
8
BLACK
6
CONTINUOUS
10
324.6374139999999784
20
-101.9775860000000023
11
321.8175860000000057
21
-101.9775860000000023
0
LINE
8
BLACK
6
CONTINUOUS
10
321.8175860000000057
20
-101.9775860000000023
11
321.8175860000000057
21
-104.7974139999999892
0
LINE
8
BLACK
6
CONTINUOUS
10
321.8175860000000057
20
-104.7974139999999892
11
324.6374139999999784
21
-104.7974139999999892
0
LINE
8
BLACK
6
CONTINUOUS
10
324.6374139999999784
20
-123.8474140000000006
11
324.6374139999999784
21
-121.0275859999999994
0
LINE
8
BLACK
6
CONTINUOUS
10
324.6374139999999784
20
-121.0275859999999994
11
321.8175860000000057
21
-121.0275859999999994
0
LINE
8
BLACK
6
CONTINUOUS
10
321.8175860000000057
20
-121.0275859999999994
11
321.8175860000000057
21
-123.8474140000000006
0
LINE
8
BLACK
6
CONTINUOUS
10
321.8175860000000057
20
-123.8474140000000006
11
324.6374139999999784
21
-123.8474140000000006
0
LINE
8
BLACK
6
CONTINUOUS
10
324.6374139999999784
20
-142.8974139999999977
11
324.6374139999999784
21
-140.0775859999999966
0
LINE
8
BLACK
6
CONTINUOUS
10
324.6374139999999784
20
-140.0775859999999966
11
321.8175860000000057
21
-140.0775859999999966
0
LINE
8
BLACK
6
CONTINUOUS
10
321.8175860000000057
20
-140.0775859999999966
11
321.8175860000000057
21
-142.8974139999999977
0
LINE
8
BLACK
6
CONTINUOUS
10
321.8175860000000057
20
-142.8974139999999977
11
324.6374139999999784
21
-142.8974139999999977
0
LINE
8
BLACK
6
CONTINUOUS
10
57.0065179999999998
20
-177.247337999999985
11
57.0065179999999998
21
-175.247337999999985
0
LINE
8
BLACK
6
CONTINUOUS
10
57.0065179999999998
20
-175.247337999999985
11
57.4827079999999953
21
-175.247337999999985
0
LINE
8
BLACK
6
CONTINUOUS
10
57.4827079999999953
20
-175.247337999999985
11
57.7684229999999985
21
-175.3425759999999798
0
LINE
8
BLACK
6
CONTINUOUS
10
57.7684229999999985
20
-175.3425759999999798
11
57.9588989999999953
21
-175.5330519999999979
0
LINE
8
BLACK
6
CONTINUOUS
10
57.9588989999999953
20
-175.5330519999999979
11
58.0541369999999972
21
-175.7235279999999875
0
LINE
8
BLACK
6
CONTINUOUS
10
58.0541369999999972
20
-175.7235279999999875
11
58.1493749999999991
21
-176.1044799999999952
0
LINE
8
BLACK
6
CONTINUOUS
10
58.1493749999999991
20
-176.1044799999999952
11
58.1493749999999991
21
-176.3901950000000056
0
LINE
8
BLACK
6
CONTINUOUS
10
58.1493749999999991
20
-176.3901950000000056
11
58.0541369999999972
21
-176.7711469999999849
0
LINE
8
BLACK
6
CONTINUOUS
10
58.0541369999999972
20
-176.7711469999999849
11
57.9588989999999953
21
-176.961623000000003
0
LINE
8
BLACK
6
CONTINUOUS
10
57.9588989999999953
20
-176.961623000000003
11
57.7684229999999985
21
-177.1520999999999901
0
LINE
8
BLACK
6
CONTINUOUS
10
57.7684229999999985
20
-177.1520999999999901
11
57.4827079999999953
21
-177.247337999999985
0
LINE
8
BLACK
6
CONTINUOUS
10
57.4827079999999953
20
-177.247337999999985
11
57.0065179999999998
21
-177.247337999999985
0
LINE
8
BLACK
6
CONTINUOUS
10
59.0065179999999998
20
-177.247337999999985
11
59.0065179999999998
21
-175.9140040000000056
0
LINE
8
BLACK
6
CONTINUOUS
10
59.0065179999999998
20
-176.2949569999999824
11
59.1017559999999946
21
-176.1044799999999952
0
LINE
8
BLACK
6
CONTINUOUS
10
59.1017559999999946
20
-176.1044799999999952
11
59.1969939999999966
21
-176.0092420000000004
0
LINE
8
BLACK
6
CONTINUOUS
10
59.1969939999999966
20
-176.0092420000000004
11
59.3874700000000004
21
-175.9140040000000056
0
LINE
8
BLACK
6
CONTINUOUS
10
59.3874700000000004
20
-175.9140040000000056
11
59.5779469999999947
21
-175.9140040000000056
0
LINE
8
BLACK
6
CONTINUOUS
10
60.244612999999994
20
-177.247337999999985
11
60.244612999999994
21
-175.9140040000000056
0
LINE
8
BLACK
6
CONTINUOUS
10
60.244612999999994
20
-175.247337999999985
11
60.1493749999999991
21
-175.3425759999999798
0
LINE
8
BLACK
6
CONTINUOUS
10
60.1493749999999991
20
-175.3425759999999798
11
60.244612999999994
21
-175.437814000000003
0
LINE
8
BLACK
6
CONTINUOUS
10
60.244612999999994
20
-175.437814000000003
11
60.3398509999999959
21
-175.3425759999999798
0
LINE
8
BLACK
6
CONTINUOUS
10
60.3398509999999959
20
-175.3425759999999798
11
60.244612999999994
21
-175.247337999999985
0
LINE
8
BLACK
6
CONTINUOUS
10
60.244612999999994
20
-175.247337999999985
11
60.244612999999994
21
-175.437814000000003
0
LINE
8
BLACK
6
CONTINUOUS
10
61.4827079999999953
20
-177.247337999999985
11
61.2922319999999985
21
-177.1520999999999901
0
LINE
8
BLACK
6
CONTINUOUS
10
61.2922319999999985
20
-177.1520999999999901
11
61.1969939999999966
21
-176.961623000000003
0
LINE
8
BLACK
6
CONTINUOUS
10
61.1969939999999966
20
-176.961623000000003
11
61.1969939999999966
21
-175.247337999999985
0
LINE
8
BLACK
6
CONTINUOUS
10
62.5303269999999998
20
-177.247337999999985
11
62.3398509999999959
21
-177.1520999999999901
0
LINE
8
BLACK
6
CONTINUOUS
10
62.3398509999999959
20
-177.1520999999999901
11
62.244612999999994
21
-176.961623000000003
0
LINE
8
BLACK
6
CONTINUOUS
10
62.244612999999994
20
-176.961623000000003
11
62.244612999999994
21
-175.247337999999985
0
LINE
8
BLACK
6
CONTINUOUS
10
64.8160419999999959
20
-177.247337999999985
11
64.8160419999999959
21
-175.247337999999985
0
LINE
8
BLACK
6
CONTINUOUS
10
64.8160419999999959
20
-175.247337999999985
11
65.4827089999999998
21
-176.6759089999999901
0
LINE
8
BLACK
6
CONTINUOUS
10
65.4827089999999998
20
-176.6759089999999901
11
66.149374999999992
21
-175.247337999999985
0
LINE
8
BLACK
6
CONTINUOUS
10
66.149374999999992
20
-175.247337999999985
11
66.149374999999992
21
-177.247337999999985
0
LINE
8
BLACK
6
CONTINUOUS
10
67.9588990000000024
20
-177.247337999999985
11
67.9588990000000024
21
-176.1997189999999875
0
LINE
8
BLACK
6
CONTINUOUS
10
67.9588990000000024
20
-176.1997189999999875
11
67.8636609999999934
21
-176.0092420000000004
0
LINE
8
BLACK
6
CONTINUOUS
10
67.8636609999999934
20
-176.0092420000000004
11
67.6731850000000037
21
-175.9140040000000056
0
LINE
8
BLACK
6
CONTINUOUS
10
67.6731850000000037
20
-175.9140040000000056
11
67.2922319999999985
21
-175.9140040000000056
0
LINE
8
BLACK
6
CONTINUOUS
10
67.2922319999999985
20
-175.9140040000000056
11
67.1017559999999946
21
-176.0092420000000004
0
LINE
8
BLACK
6
CONTINUOUS
10
67.9588990000000024
20
-177.1520999999999901
11
67.7684229999999985
21
-177.247337999999985
0
LINE
8
BLACK
6
CONTINUOUS
10
67.7684229999999985
20
-177.247337999999985
11
67.2922319999999985
21
-177.247337999999985
0
LINE
8
BLACK
6
CONTINUOUS
10
67.2922319999999985
20
-177.247337999999985
11
67.1017559999999946
21
-177.1520999999999901
0
LINE
8
BLACK
6
CONTINUOUS
10
67.1017559999999946
20
-177.1520999999999901
11
67.0065179999999998
21
-176.961623000000003
0
LINE
8
BLACK
6
CONTINUOUS
10
67.0065179999999998
20
-176.961623000000003
11
67.0065179999999998
21
-176.7711469999999849
0
LINE
8
BLACK
6
CONTINUOUS
10
67.0065179999999998
20
-176.7711469999999849
11
67.1017559999999946
21
-176.5806709999999953
0
LINE
8
BLACK
6
CONTINUOUS
10
67.1017559999999946
20
-176.5806709999999953
11
67.2922319999999985
21
-176.4854330000000004
0
LINE
8
BLACK
6
CONTINUOUS
10
67.2922319999999985
20
-176.4854330000000004
11
67.7684229999999985
21
-176.4854330000000004
0
LINE
8
BLACK
6
CONTINUOUS
10
67.7684229999999985
20
-176.4854330000000004
11
67.9588990000000024
21
-176.3901950000000056
0
LINE
8
BLACK
6
CONTINUOUS
10
68.9112799999999908
20
-175.9140040000000056
11
68.9112799999999908
21
-177.9140040000000056
0
LINE
8
BLACK
6
CONTINUOUS
10
68.9112799999999908
20
-176.0092420000000004
11
69.1017559999999946
21
-175.9140040000000056
0
LINE
8
BLACK
6
CONTINUOUS
10
69.1017559999999946
20
-175.9140040000000056
11
69.4827089999999998
21
-175.9140040000000056
0
LINE
8
BLACK
6
CONTINUOUS
10
69.4827089999999998
20
-175.9140040000000056
11
69.6731850000000037
21
-176.0092420000000004
0
LINE
8
BLACK
6
CONTINUOUS
10
69.6731850000000037
20
-176.0092420000000004
11
69.7684229999999985
21
-176.1044799999999952
0
LINE
8
BLACK
6
CONTINUOUS
10
69.7684229999999985
20
-176.1044799999999952
11
69.8636609999999934
21
-176.2949569999999824
0
LINE
8
BLACK
6
CONTINUOUS
10
69.8636609999999934
20
-176.2949569999999824
11
69.8636609999999934
21
-176.8663849999999798
0
LINE
8
BLACK
6
CONTINUOUS
10
69.8636609999999934
20
-176.8663849999999798
11
69.7684229999999985
21
-177.0568609999999978
0
LINE
8
BLACK
6
CONTINUOUS
10
69.7684229999999985
20
-177.0568609999999978
11
69.6731850000000037
21
-177.1520999999999901
0
LINE
8
BLACK
6
CONTINUOUS
10
69.6731850000000037
20
-177.1520999999999901
11
69.4827089999999998
21
-177.247337999999985
0
LINE
8
BLACK
6
CONTINUOUS
10
69.4827089999999998
20
-177.247337999999985
11
69.1017559999999946
21
-177.247337999999985
0
LINE
8
BLACK
6
CONTINUOUS
10
69.1017559999999946
20
-177.247337999999985
11
68.9112799999999908
21
-177.1520999999999901
0
LINE
8
BLACK
6
CONTINUOUS
10
70.7208040000000011
20
-177.0568609999999978
11
70.8160419999999959
21
-177.1520999999999901
0
LINE
8
BLACK
6
CONTINUOUS
10
70.8160419999999959
20
-177.1520999999999901
11
70.7208040000000011
21
-177.247337999999985
0
LINE
8
BLACK
6
CONTINUOUS
10
70.7208040000000011
20
-177.247337999999985
11
70.6255659999999921
21
-177.1520999999999901
0
LINE
8
BLACK
6
CONTINUOUS
10
70.6255659999999921
20
-177.1520999999999901
11
70.7208040000000011
21
-177.0568609999999978
0
LINE
8
BLACK
6
CONTINUOUS
10
70.7208040000000011
20
-177.0568609999999978
11
70.7208040000000011
21
-177.247337999999985
0
LINE
8
BLACK
6
CONTINUOUS
10
70.7208040000000011
20
-176.0092420000000004
11
70.8160419999999959
21
-176.1044799999999952
0
LINE
8
BLACK
6
CONTINUOUS
10
70.8160419999999959
20
-176.1044799999999952
11
70.7208040000000011
21
-176.1997189999999875
0
LINE
8
BLACK
6
CONTINUOUS
10
70.7208040000000011
20
-176.1997189999999875
11
70.6255659999999921
21
-176.1044799999999952
0
LINE
8
BLACK
6
CONTINUOUS
10
70.6255659999999921
20
-176.1044799999999952
11
70.7208040000000011
21
-176.0092420000000004
0
LINE
8
BLACK
6
CONTINUOUS
10
70.7208040000000011
20
-176.0092420000000004
11
70.7208040000000011
21
-176.1997189999999875
0
LINE
8
BLACK
6
CONTINUOUS
10
53.8987499999999997
20
-180.2824999999999989
11
54.3987499999999997
21
-180.7824999999999989
0
LINE
8
BLACK
6
CONTINUOUS
10
54.3987499999999997
20
-180.2824999999999989
11
53.8987499999999997
21
-180.7824999999999989
0
LINE
8
BLACK
6
CONTINUOUS
10
57.3874700000000004
20
-179.447338000000002
11
57.5779469999999947
21
-179.447338000000002
0
LINE
8
BLACK
6
CONTINUOUS
10
57.5779469999999947
20
-179.447338000000002
11
57.7684229999999985
21
-179.5425759999999968
0
LINE
8
BLACK
6
CONTINUOUS
10
57.7684229999999985
20
-179.5425759999999968
11
57.8636610000000005
21
-179.6378139999999917
0
LINE
8
BLACK
6
CONTINUOUS
10
57.8636610000000005
20
-179.6378139999999917
11
57.9588989999999953
21
-179.8282899999999813
0
LINE
8
BLACK
6
CONTINUOUS
10
57.9588989999999953
20
-179.8282899999999813
11
58.0541369999999972
21
-180.209241999999989
0
LINE
8
BLACK
6
CONTINUOUS
10
58.0541369999999972
20
-180.209241999999989
11
58.0541369999999972
21
-180.6854329999999891
0
LINE
8
BLACK
6
CONTINUOUS
10
58.0541369999999972
20
-180.6854329999999891
11
57.9588989999999953
21
-181.0663849999999968
0
LINE
8
BLACK
6
CONTINUOUS
10
57.9588989999999953
20
-181.0663849999999968
11
57.8636610000000005
21
-181.2568609999999865
0
LINE
8
BLACK
6
CONTINUOUS
10
57.8636610000000005
20
-181.2568609999999865
11
57.7684229999999985
21
-181.3520999999999788
0
LINE
8
BLACK
6
CONTINUOUS
10
57.7684229999999985
20
-181.3520999999999788
11
57.5779469999999947
21
-181.447338000000002
0
LINE
8
BLACK
6
CONTINUOUS
10
57.5779469999999947
20
-181.447338000000002
11
57.3874700000000004
21
-181.447338000000002
0
LINE
8
BLACK
6
CONTINUOUS
10
57.3874700000000004
20
-181.447338000000002
11
57.1969939999999966
21
-181.3520999999999788
0
LINE
8
BLACK
6
CONTINUOUS
10
57.1969939999999966
20
-181.3520999999999788
11
57.1017559999999946
21
-181.2568609999999865
0
LINE
8
BLACK
6
CONTINUOUS
10
57.1017559999999946
20
-181.2568609999999865
11
57.0065179999999998
21
-181.0663849999999968
0
LINE
8
BLACK
6
CONTINUOUS
10
57.0065179999999998
20
-181.0663849999999968
11
56.9112799999999979
21
-180.6854329999999891
0
LINE
8
BLACK
6
CONTINUOUS
10
56.9112799999999979
20
-180.6854329999999891
11
56.9112799999999979
21
-180.209241999999989
0
LINE
8
BLACK
6
CONTINUOUS
10
56.9112799999999979
20
-180.209241999999989
11
57.0065179999999998
21
-179.8282899999999813
0
LINE
8
BLACK
6
CONTINUOUS
10
57.0065179999999998
20
-179.8282899999999813
11
57.1017559999999946
21
-179.6378139999999917
0
LINE
8
BLACK
6
CONTINUOUS
10
57.1017559999999946
20
-179.6378139999999917
11
57.1969939999999966
21
-179.5425759999999968
0
LINE
8
BLACK
6
CONTINUOUS
10
57.1969939999999966
20
-179.5425759999999968
11
57.3874700000000004
21
-179.447338000000002
0
LINE
8
BLACK
6
CONTINUOUS
10
58.9112799999999979
20
-181.2568609999999865
11
59.0065179999999998
21
-181.3520999999999788
0
LINE
8
BLACK
6
CONTINUOUS
10
59.0065179999999998
20
-181.3520999999999788
11
58.9112799999999979
21
-181.447338000000002
0
LINE
8
BLACK
6
CONTINUOUS
10
58.9112799999999979
20
-181.447338000000002
11
58.8160419999999959
21
-181.3520999999999788
0
LINE
8
BLACK
6
CONTINUOUS
10
58.8160419999999959
20
-181.3520999999999788
11
58.9112799999999979
21
-181.2568609999999865
0
LINE
8
BLACK
6
CONTINUOUS
10
58.9112799999999979
20
-181.2568609999999865
11
58.9112799999999979
21
-181.447338000000002
0
LINE
8
BLACK
6
CONTINUOUS
10
60.8160419999999959
20
-179.447338000000002
11
59.8636610000000005
21
-179.447338000000002
0
LINE
8
BLACK
6
CONTINUOUS
10
59.8636610000000005
20
-179.447338000000002
11
59.7684229999999985
21
-180.3997190000000046
0
LINE
8
BLACK
6
CONTINUOUS
10
59.7684229999999985
20
-180.3997190000000046
11
59.8636610000000005
21
-180.3044799999999839
0
LINE
8
BLACK
6
CONTINUOUS
10
59.8636610000000005
20
-180.3044799999999839
11
60.0541369999999972
21
-180.209241999999989
0
LINE
8
BLACK
6
CONTINUOUS
10
60.0541369999999972
20
-180.209241999999989
11
60.5303279999999972
21
-180.209241999999989
0
LINE
8
BLACK
6
CONTINUOUS
10
60.5303279999999972
20
-180.209241999999989
11
60.720803999999994
21
-180.3044799999999839
0
LINE
8
BLACK
6
CONTINUOUS
10
60.720803999999994
20
-180.3044799999999839
11
60.8160419999999959
21
-180.3997190000000046
0
LINE
8
BLACK
6
CONTINUOUS
10
60.8160419999999959
20
-180.3997190000000046
11
60.9112799999999979
21
-180.5901949999999943
0
LINE
8
BLACK
6
CONTINUOUS
10
60.9112799999999979
20
-180.5901949999999943
11
60.9112799999999979
21
-181.0663849999999968
0
LINE
8
BLACK
6
CONTINUOUS
10
60.9112799999999979
20
-181.0663849999999968
11
60.8160419999999959
21
-181.2568609999999865
0
LINE
8
BLACK
6
CONTINUOUS
10
60.8160419999999959
20
-181.2568609999999865
11
60.720803999999994
21
-181.3520999999999788
0
LINE
8
BLACK
6
CONTINUOUS
10
60.720803999999994
20
-181.3520999999999788
11
60.5303279999999972
21
-181.447338000000002
0
LINE
8
BLACK
6
CONTINUOUS
10
60.5303279999999972
20
-181.447338000000002
11
60.0541369999999972
21
-181.447338000000002
0
LINE
8
BLACK
6
CONTINUOUS
10
60.0541369999999972
20
-181.447338000000002
11
59.8636610000000005
21
-181.3520999999999788
0
LINE
8
BLACK
6
CONTINUOUS
10
59.8636610000000005
20
-181.3520999999999788
11
59.7684229999999985
21
-181.2568609999999865
0
LINE
8
BLACK
6
CONTINUOUS
10
62.1493749999999991
20
-179.447338000000002
11
62.3398520000000005
21
-179.447338000000002
0
LINE
8
BLACK
6
CONTINUOUS
10
62.3398520000000005
20
-179.447338000000002
11
62.5303279999999972
21
-179.5425759999999968
0
LINE
8
BLACK
6
CONTINUOUS
10
62.5303279999999972
20
-179.5425759999999968
11
62.6255659999999992
21
-179.6378139999999917
0
LINE
8
BLACK
6
CONTINUOUS
10
62.6255659999999992
20
-179.6378139999999917
11
62.720803999999994
21
-179.8282899999999813
0
LINE
8
BLACK
6
CONTINUOUS
10
62.720803999999994
20
-179.8282899999999813
11
62.8160419999999959
21
-180.209241999999989
0
LINE
8
BLACK
6
CONTINUOUS
10
62.8160419999999959
20
-180.209241999999989
11
62.8160419999999959
21
-180.6854329999999891
0
LINE
8
BLACK
6
CONTINUOUS
10
62.8160419999999959
20
-180.6854329999999891
11
62.720803999999994
21
-181.0663849999999968
0
LINE
8
BLACK
6
CONTINUOUS
10
62.720803999999994
20
-181.0663849999999968
11
62.6255659999999992
21
-181.2568609999999865
0
LINE
8
BLACK
6
CONTINUOUS
10
62.6255659999999992
20
-181.2568609999999865
11
62.5303279999999972
21
-181.3520999999999788
0
LINE
8
BLACK
6
CONTINUOUS
10
62.5303279999999972
20
-181.3520999999999788
11
62.3398520000000005
21
-181.447338000000002
0
LINE
8
BLACK
6
CONTINUOUS
10
62.3398520000000005
20
-181.447338000000002
11
62.1493749999999991
21
-181.447338000000002
0
LINE
8
BLACK
6
CONTINUOUS
10
62.1493749999999991
20
-181.447338000000002
11
61.9588989999999953
21
-181.3520999999999788
0
LINE
8
BLACK
6
CONTINUOUS
10
61.9588989999999953
20
-181.3520999999999788
11
61.8636610000000005
21
-181.2568609999999865
0
LINE
8
BLACK
6
CONTINUOUS
10
61.8636610000000005
20
-181.2568609999999865
11
61.7684229999999985
21
-181.0663849999999968
0
LINE
8
BLACK
6
CONTINUOUS
10
61.7684229999999985
20
-181.0663849999999968
11
61.6731849999999966
21
-180.6854329999999891
0
LINE
8
BLACK
6
CONTINUOUS
10
61.6731849999999966
20
-180.6854329999999891
11
61.6731849999999966
21
-180.209241999999989
0
LINE
8
BLACK
6
CONTINUOUS
10
61.6731849999999966
20
-180.209241999999989
11
61.7684229999999985
21
-179.8282899999999813
0
LINE
8
BLACK
6
CONTINUOUS
10
61.7684229999999985
20
-179.8282899999999813
11
61.8636610000000005
21
-179.6378139999999917
0
LINE
8
BLACK
6
CONTINUOUS
10
61.8636610000000005
20
-179.6378139999999917
11
61.9588989999999953
21
-179.5425759999999968
0
LINE
8
BLACK
6
CONTINUOUS
10
61.9588989999999953
20
-179.5425759999999968
11
62.1493749999999991
21
-179.447338000000002
0
LINE
8
BLACK
6
CONTINUOUS
10
64.0541369999999972
20
-179.447338000000002
11
64.2446139999999986
21
-179.447338000000002
0
LINE
8
BLACK
6
CONTINUOUS
10
64.2446139999999986
20
-179.447338000000002
11
64.4350900000000024
21
-179.5425759999999968
0
LINE
8
BLACK
6
CONTINUOUS
10
64.4350900000000024
20
-179.5425759999999968
11
64.5303279999999972
21
-179.6378139999999917
0
LINE
8
BLACK
6
CONTINUOUS
10
64.5303279999999972
20
-179.6378139999999917
11
64.6255659999999921
21
-179.8282899999999813
0
LINE
8
BLACK
6
CONTINUOUS
10
64.6255659999999921
20
-179.8282899999999813
11
64.7208040000000011
21
-180.209241999999989
0
LINE
8
BLACK
6
CONTINUOUS
10
64.7208040000000011
20
-180.209241999999989
11
64.7208040000000011
21
-180.6854329999999891
0
LINE
8
BLACK
6
CONTINUOUS
10
64.7208040000000011
20
-180.6854329999999891
11
64.6255659999999921
21
-181.0663849999999968
0
LINE
8
BLACK
6
CONTINUOUS
10
64.6255659999999921
20
-181.0663849999999968
11
64.5303279999999972
21
-181.2568609999999865
0
LINE
8
BLACK
6
CONTINUOUS
10
64.5303279999999972
20
-181.2568609999999865
11
64.4350900000000024
21
-181.3520999999999788
0
LINE
8
BLACK
6
CONTINUOUS
10
64.4350900000000024
20
-181.3520999999999788
11
64.2446139999999986
21
-181.447338000000002
0
LINE
8
BLACK
6
CONTINUOUS
10
64.2446139999999986
20
-181.447338000000002
11
64.0541369999999972
21
-181.447338000000002
0
LINE
8
BLACK
6
CONTINUOUS
10
64.0541369999999972
20
-181.447338000000002
11
63.8636610000000005
21
-181.3520999999999788
0
LINE
8
BLACK
6
CONTINUOUS
10
63.8636610000000005
20
-181.3520999999999788
11
63.7684229999999985
21
-181.2568609999999865
0
LINE
8
BLACK
6
CONTINUOUS
10
63.7684229999999985
20
-181.2568609999999865
11
63.6731849999999966
21
-181.0663849999999968
0
LINE
8
BLACK
6
CONTINUOUS
10
63.6731849999999966
20
-181.0663849999999968
11
63.5779469999999947
21
-180.6854329999999891
0
LINE
8
BLACK
6
CONTINUOUS
10
63.5779469999999947
20
-180.6854329999999891
11
63.5779469999999947
21
-180.209241999999989
0
LINE
8
BLACK
6
CONTINUOUS
10
63.5779469999999947
20
-180.209241999999989
11
63.6731849999999966
21
-179.8282899999999813
0
LINE
8
BLACK
6
CONTINUOUS
10
63.6731849999999966
20
-179.8282899999999813
11
63.7684229999999985
21
-179.6378139999999917
0
LINE
8
BLACK
6
CONTINUOUS
10
63.7684229999999985
20
-179.6378139999999917
11
63.8636610000000005
21
-179.5425759999999968
0
LINE
8
BLACK
6
CONTINUOUS
10
63.8636610000000005
20
-179.5425759999999968
11
64.0541369999999972
21
-179.447338000000002
0
LINE
8
BLACK
6
CONTINUOUS
10
65.5779469999999947
20
-181.447338000000002
11
65.5779469999999947
21
-180.1140039999999942
0
LINE
8
BLACK
6
CONTINUOUS
10
65.5779469999999947
20
-180.3044799999999839
11
65.6731850000000037
21
-180.209241999999989
0
LINE
8
BLACK
6
CONTINUOUS
10
65.6731850000000037
20
-180.209241999999989
11
65.8636609999999934
21
-180.1140039999999942
0
LINE
8
BLACK
6
CONTINUOUS
10
65.8636609999999934
20
-180.1140039999999942
11
66.1493760000000037
21
-180.1140039999999942
0
LINE
8
BLACK
6
CONTINUOUS
10
66.1493760000000037
20
-180.1140039999999942
11
66.3398519999999934
21
-180.209241999999989
0
LINE
8
BLACK
6
CONTINUOUS
10
66.3398519999999934
20
-180.209241999999989
11
66.4350900000000024
21
-180.3997190000000046
0
LINE
8
BLACK
6
CONTINUOUS
10
66.4350900000000024
20
-180.3997190000000046
11
66.4350900000000024
21
-181.447338000000002
0
LINE
8
BLACK
6
CONTINUOUS
10
66.4350900000000024
20
-180.3997190000000046
11
66.5303279999999972
21
-180.209241999999989
0
LINE
8
BLACK
6
CONTINUOUS
10
66.5303279999999972
20
-180.209241999999989
11
66.7208040000000011
21
-180.1140039999999942
0
LINE
8
BLACK
6
CONTINUOUS
10
66.7208040000000011
20
-180.1140039999999942
11
67.0065179999999998
21
-180.1140039999999942
0
LINE
8
BLACK
6
CONTINUOUS
10
67.0065179999999998
20
-180.1140039999999942
11
67.1969950000000011
21
-180.209241999999989
0
LINE
8
BLACK
6
CONTINUOUS
10
67.1969950000000011
20
-180.209241999999989
11
67.292232999999996
21
-180.3997190000000046
0
LINE
8
BLACK
6
CONTINUOUS
10
67.292232999999996
20
-180.3997190000000046
11
67.292232999999996
21
-181.447338000000002
0
LINE
8
BLACK
6
CONTINUOUS
10
68.2446139999999986
20
-181.447338000000002
11
68.2446139999999986
21
-180.1140039999999942
0
LINE
8
BLACK
6
CONTINUOUS
10
68.2446139999999986
20
-180.3044799999999839
11
68.3398519999999934
21
-180.209241999999989
0
LINE
8
BLACK
6
CONTINUOUS
10
68.3398519999999934
20
-180.209241999999989
11
68.5303279999999972
21
-180.1140039999999942
0
LINE
8
BLACK
6
CONTINUOUS
10
68.5303279999999972
20
-180.1140039999999942
11
68.8160429999999934
21
-180.1140039999999942
0
LINE
8
BLACK
6
CONTINUOUS
10
68.8160429999999934
20
-180.1140039999999942
11
69.0065189999999973
21
-180.209241999999989
0
LINE
8
BLACK
6
CONTINUOUS
10
69.0065189999999973
20
-180.209241999999989
11
69.1017569999999921
21
-180.3997190000000046
0
LINE
8
BLACK
6
CONTINUOUS
10
69.1017569999999921
20
-180.3997190000000046
11
69.1017569999999921
21
-181.447338000000002
0
LINE
8
BLACK
6
CONTINUOUS
10
69.1017569999999921
20
-180.3997190000000046
11
69.1969950000000011
21
-180.209241999999989
0
LINE
8
BLACK
6
CONTINUOUS
10
69.1969950000000011
20
-180.209241999999989
11
69.3874709999999908
21
-180.1140039999999942
0
LINE
8
BLACK
6
CONTINUOUS
10
69.3874709999999908
20
-180.1140039999999942
11
69.6731850000000037
21
-180.1140039999999942
0
LINE
8
BLACK
6
CONTINUOUS
10
69.6731850000000037
20
-180.1140039999999942
11
69.8636619999999908
21
-180.209241999999989
0
LINE
8
BLACK
6
CONTINUOUS
10
69.8636619999999908
20
-180.209241999999989
11
69.9588999999999999
21
-180.3997190000000046
0
LINE
8
BLACK
6
CONTINUOUS
10
69.9588999999999999
20
-180.3997190000000046
11
69.9588999999999999
21
-181.447338000000002
0
LINE
8
BLACK
6
CONTINUOUS
10
73.8636619999999908
20
-179.3520999999999788
11
72.1493770000000012
21
-181.9235280000000046
0
LINE
8
BLACK
6
CONTINUOUS
10
76.4350909999999999
20
-179.447338000000002
11
76.6255680000000012
21
-179.447338000000002
0
LINE
8
BLACK
6
CONTINUOUS
10
76.6255680000000012
20
-179.447338000000002
11
76.8160439999999909
21
-179.5425759999999968
0
LINE
8
BLACK
6
CONTINUOUS
10
76.8160439999999909
20
-179.5425759999999968
11
76.9112819999999999
21
-179.6378139999999917
0
LINE
8
BLACK
6
CONTINUOUS
10
76.9112819999999999
20
-179.6378139999999917
11
77.0065199999999948
21
-179.8282899999999813
0
LINE
8
BLACK
6
CONTINUOUS
10
77.0065199999999948
20
-179.8282899999999813
11
77.1017579999999896
21
-180.209241999999989
0
LINE
8
BLACK
6
CONTINUOUS
10
77.1017579999999896
20
-180.209241999999989
11
77.1017579999999896
21
-180.6854329999999891
0
LINE
8
BLACK
6
CONTINUOUS
10
77.1017579999999896
20
-180.6854329999999891
11
77.0065199999999948
21
-181.0663849999999968
0
LINE
8
BLACK
6
CONTINUOUS
10
77.0065199999999948
20
-181.0663849999999968
11
76.9112819999999999
21
-181.2568609999999865
0
LINE
8
BLACK
6
CONTINUOUS
10
76.9112819999999999
20
-181.2568609999999865
11
76.8160439999999909
21
-181.3520999999999788
0
LINE
8
BLACK
6
CONTINUOUS
10
76.8160439999999909
20
-181.3520999999999788
11
76.6255680000000012
21
-181.447338000000002
0
LINE
8
BLACK
6
CONTINUOUS
10
76.6255680000000012
20
-181.447338000000002
11
76.4350909999999999
21
-181.447338000000002
0
LINE
8
BLACK
6
CONTINUOUS
10
76.4350909999999999
20
-181.447338000000002
11
76.244614999999996
21
-181.3520999999999788
0
LINE
8
BLACK
6
CONTINUOUS
10
76.244614999999996
20
-181.3520999999999788
11
76.1493770000000012
21
-181.2568609999999865
0
LINE
8
BLACK
6
CONTINUOUS
10
76.1493770000000012
20
-181.2568609999999865
11
76.0541389999999922
21
-181.0663849999999968
0
LINE
8
BLACK
6
CONTINUOUS
10
76.0541389999999922
20
-181.0663849999999968
11
75.9589009999999973
21
-180.6854329999999891
0
LINE
8
BLACK
6
CONTINUOUS
10
75.9589009999999973
20
-180.6854329999999891
11
75.9589009999999973
21
-180.209241999999989
0
LINE
8
BLACK
6
CONTINUOUS
10
75.9589009999999973
20
-180.209241999999989
11
76.0541389999999922
21
-179.8282899999999813
0
LINE
8
BLACK
6
CONTINUOUS
10
76.0541389999999922
20
-179.8282899999999813
11
76.1493770000000012
21
-179.6378139999999917
0
LINE
8
BLACK
6
CONTINUOUS
10
76.1493770000000012
20
-179.6378139999999917
11
76.244614999999996
21
-179.5425759999999968
0
LINE
8
BLACK
6
CONTINUOUS
10
76.244614999999996
20
-179.5425759999999968
11
76.4350909999999999
21
-179.447338000000002
0
LINE
8
BLACK
6
CONTINUOUS
10
77.9589009999999973
20
-181.2568609999999865
11
78.0541389999999922
21
-181.3520999999999788
0
LINE
8
BLACK
6
CONTINUOUS
10
78.0541389999999922
20
-181.3520999999999788
11
77.9589009999999973
21
-181.447338000000002
0
LINE
8
BLACK
6
CONTINUOUS
10
77.9589009999999973
20
-181.447338000000002
11
77.8636630000000025
21
-181.3520999999999788
0
LINE
8
BLACK
6
CONTINUOUS
10
77.8636630000000025
20
-181.3520999999999788
11
77.9589009999999973
21
-181.2568609999999865
0
LINE
8
BLACK
6
CONTINUOUS
10
77.9589009999999973
20
-181.2568609999999865
11
77.9589009999999973
21
-181.447338000000002
0
LINE
8
BLACK
6
CONTINUOUS
10
79.2922339999999934
20
-179.447338000000002
11
79.4827109999999948
21
-179.447338000000002
0
LINE
8
BLACK
6
CONTINUOUS
10
79.4827109999999948
20
-179.447338000000002
11
79.6731869999999986
21
-179.5425759999999968
0
LINE
8
BLACK
6
CONTINUOUS
10
79.6731869999999986
20
-179.5425759999999968
11
79.7684249999999935
21
-179.6378139999999917
0
LINE
8
BLACK
6
CONTINUOUS
10
79.7684249999999935
20
-179.6378139999999917
11
79.8636630000000025
21
-179.8282899999999813
0
LINE
8
BLACK
6
CONTINUOUS
10
79.8636630000000025
20
-179.8282899999999813
11
79.9589009999999973
21
-180.209241999999989
0
LINE
8
BLACK
6
CONTINUOUS
10
79.9589009999999973
20
-180.209241999999989
11
79.9589009999999973
21
-180.6854329999999891
0
LINE
8
BLACK
6
CONTINUOUS
10
79.9589009999999973
20
-180.6854329999999891
11
79.8636630000000025
21
-181.0663849999999968
0
LINE
8
BLACK
6
CONTINUOUS
10
79.8636630000000025
20
-181.0663849999999968
11
79.7684249999999935
21
-181.2568609999999865
0
LINE
8
BLACK
6
CONTINUOUS
10
79.7684249999999935
20
-181.2568609999999865
11
79.6731869999999986
21
-181.3520999999999788
0
LINE
8
BLACK
6
CONTINUOUS
10
79.6731869999999986
20
-181.3520999999999788
11
79.4827109999999948
21
-181.447338000000002
0
LINE
8
BLACK
6
CONTINUOUS
10
79.4827109999999948
20
-181.447338000000002
11
79.2922339999999934
21
-181.447338000000002
0
LINE
8
BLACK
6
CONTINUOUS
10
79.2922339999999934
20
-181.447338000000002
11
79.1017579999999896
21
-181.3520999999999788
0
LINE
8
BLACK
6
CONTINUOUS
10
79.1017579999999896
20
-181.3520999999999788
11
79.0065199999999948
21
-181.2568609999999865
0
LINE
8
BLACK
6
CONTINUOUS
10
79.0065199999999948
20
-181.2568609999999865
11
78.9112819999999999
21
-181.0663849999999968
0
LINE
8
BLACK
6
CONTINUOUS
10
78.9112819999999999
20
-181.0663849999999968
11
78.8160439999999909
21
-180.6854329999999891
0
LINE
8
BLACK
6
CONTINUOUS
10
78.8160439999999909
20
-180.6854329999999891
11
78.8160439999999909
21
-180.209241999999989
0
LINE
8
BLACK
6
CONTINUOUS
10
78.8160439999999909
20
-180.209241999999989
11
78.9112819999999999
21
-179.8282899999999813
0
LINE
8
BLACK
6
CONTINUOUS
10
78.9112819999999999
20
-179.8282899999999813
11
79.0065199999999948
21
-179.6378139999999917
0
LINE
8
BLACK
6
CONTINUOUS
10
79.0065199999999948
20
-179.6378139999999917
11
79.1017579999999896
21
-179.5425759999999968
0
LINE
8
BLACK
6
CONTINUOUS
10
79.1017579999999896
20
-179.5425759999999968
11
79.2922339999999934
21
-179.447338000000002
0
LINE
8
BLACK
6
CONTINUOUS
10
81.8636630000000025
20
-181.447338000000002
11
80.7208059999999961
21
-181.447338000000002
0
LINE
8
BLACK
6
CONTINUOUS
10
81.2922339999999934
20
-181.447338000000002
11
81.2922339999999934
21
-179.447338000000002
0
LINE
8
BLACK
6
CONTINUOUS
10
81.2922339999999934
20
-179.447338000000002
11
81.1017579999999896
21
-179.7330519999999865
0
LINE
8
BLACK
6
CONTINUOUS
10
81.1017579999999896
20
-179.7330519999999865
11
80.9112819999999999
21
-179.9235280000000046
0
LINE
8
BLACK
6
CONTINUOUS
10
80.9112819999999999
20
-179.9235280000000046
11
80.7208059999999961
21
-180.0187659999999994
0
LINE
8
BLACK
6
CONTINUOUS
10
82.8160439999999909
20
-181.447338000000002
11
83.1969959999999986
21
-181.447338000000002
0
LINE
8
BLACK
6
CONTINUOUS
10
83.1969959999999986
20
-181.447338000000002
11
83.387473
21
-181.3520999999999788
0
LINE
8
BLACK
6
CONTINUOUS
10
83.387473
20
-181.3520999999999788
11
83.4827109999999948
21
-181.2568609999999865
0
LINE
8
BLACK
6
CONTINUOUS
10
83.4827109999999948
20
-181.2568609999999865
11
83.6731869999999986
21
-180.971147000000002
0
LINE
8
BLACK
6
CONTINUOUS
10
83.6731869999999986
20
-180.971147000000002
11
83.7684249999999935
21
-180.5901949999999943
0
LINE
8
BLACK
6
CONTINUOUS
10
83.7684249999999935
20
-180.5901949999999943
11
83.7684249999999935
21
-179.8282899999999813
0
LINE
8
BLACK
6
CONTINUOUS
10
83.7684249999999935
20
-179.8282899999999813
11
83.6731869999999986
21
-179.6378139999999917
0
LINE
8
BLACK
6
CONTINUOUS
10
83.6731869999999986
20
-179.6378139999999917
11
83.5779489999999896
21
-179.5425759999999968
0
LINE
8
BLACK
6
CONTINUOUS
10
83.5779489999999896
20
-179.5425759999999968
11
83.387473
21
-179.447338000000002
0
LINE
8
BLACK
6
CONTINUOUS
10
83.387473
20
-179.447338000000002
11
83.0065199999999948
21
-179.447338000000002
0
LINE
8
BLACK
6
CONTINUOUS
10
83.0065199999999948
20
-179.447338000000002
11
82.8160439999999909
21
-179.5425759999999968
0
LINE
8
BLACK
6
CONTINUOUS
10
82.8160439999999909
20
-179.5425759999999968
11
82.7208059999999961
21
-179.6378139999999917
0
LINE
8
BLACK
6
CONTINUOUS
10
82.7208059999999961
20
-179.6378139999999917
11
82.6255680000000012
21
-179.8282899999999813
0
LINE
8
BLACK
6
CONTINUOUS
10
82.6255680000000012
20
-179.8282899999999813
11
82.6255680000000012
21
-180.3044799999999839
0
LINE
8
BLACK
6
CONTINUOUS
10
82.6255680000000012
20
-180.3044799999999839
11
82.7208059999999961
21
-180.4949569999999994
0
LINE
8
BLACK
6
CONTINUOUS
10
82.7208059999999961
20
-180.4949569999999994
11
82.8160439999999909
21
-180.5901949999999943
0
LINE
8
BLACK
6
CONTINUOUS
10
82.8160439999999909
20
-180.5901949999999943
11
83.0065199999999948
21
-180.6854329999999891
0
LINE
8
BLACK
6
CONTINUOUS
10
83.0065199999999948
20
-180.6854329999999891
11
83.387473
21
-180.6854329999999891
0
LINE
8
BLACK
6
CONTINUOUS
10
83.387473
20
-180.6854329999999891
11
83.5779489999999896
21
-180.5901949999999943
0
LINE
8
BLACK
6
CONTINUOUS
10
83.5779489999999896
20
-180.5901949999999943
11
83.6731869999999986
21
-180.4949569999999994
0
LINE
8
BLACK
6
CONTINUOUS
10
83.6731869999999986
20
-180.4949569999999994
11
83.7684249999999935
21
-180.3044799999999839
0
LINE
8
BLACK
6
CONTINUOUS
10
84.4350919999999974
20
-179.447338000000002
11
85.7684249999999935
21
-179.447338000000002
0
LINE
8
BLACK
6
CONTINUOUS
10
85.7684249999999935
20
-179.447338000000002
11
84.9112819999999999
21
-181.447338000000002
0
LINE
8
BLACK
6
CONTINUOUS
10
86.4350919999999974
20
-179.447338000000002
11
86.4350919999999974
21
-179.8282899999999813
0
LINE
8
BLACK
6
CONTINUOUS
10
87.1969969999999961
20
-179.447338000000002
11
87.1969969999999961
21
-179.8282899999999813
0
LINE
8
BLACK
6
CONTINUOUS
10
90.1493789999999962
20
-182.209241999999989
11
90.0541399999999896
21
-182.1140039999999942
0
LINE
8
BLACK
6
CONTINUOUS
10
90.0541399999999896
20
-182.1140039999999942
11
89.863664
21
-181.8282899999999813
0
LINE
8
BLACK
6
CONTINUOUS
10
89.863664
20
-181.8282899999999813
11
89.7684259999999909
21
-181.6378139999999917
0
LINE
8
BLACK
6
CONTINUOUS
10
89.7684259999999909
20
-181.6378139999999917
11
89.6731879999999961
21
-181.3520999999999788
0
LINE
8
BLACK
6
CONTINUOUS
10
89.6731879999999961
20
-181.3520999999999788
11
89.5779500000000013
21
-180.8759089999999787
0
LINE
8
BLACK
6
CONTINUOUS
10
89.5779500000000013
20
-180.8759089999999787
11
89.5779500000000013
21
-180.4949569999999994
0
LINE
8
BLACK
6
CONTINUOUS
10
89.5779500000000013
20
-180.4949569999999994
11
89.6731879999999961
21
-180.0187659999999994
0
LINE
8
BLACK
6
CONTINUOUS
10
89.6731879999999961
20
-180.0187659999999994
11
89.7684259999999909
21
-179.7330519999999865
0
LINE
8
BLACK
6
CONTINUOUS
10
89.7684259999999909
20
-179.7330519999999865
11
89.863664
21
-179.5425759999999968
0
LINE
8
BLACK
6
CONTINUOUS
10
89.863664
20
-179.5425759999999968
11
90.0541399999999896
21
-179.2568609999999865
0
LINE
8
BLACK
6
CONTINUOUS
10
90.0541399999999896
20
-179.2568609999999865
11
90.1493789999999962
21
-179.1616229999999916
0
LINE
8
BLACK
6
CONTINUOUS
10
91.9589019999999948
20
-181.447338000000002
11
90.8160450000000026
21
-181.447338000000002
0
LINE
8
BLACK
6
CONTINUOUS
10
91.387473
20
-181.447338000000002
11
91.387473
21
-179.447338000000002
0
LINE
8
BLACK
6
CONTINUOUS
10
91.387473
20
-179.447338000000002
11
91.1969969999999961
21
-179.7330519999999865
0
LINE
8
BLACK
6
CONTINUOUS
10
91.1969969999999961
20
-179.7330519999999865
11
91.0065209999999922
21
-179.9235280000000046
0
LINE
8
BLACK
6
CONTINUOUS
10
91.0065209999999922
20
-179.9235280000000046
11
90.8160450000000026
21
-180.0187659999999994
0
LINE
8
BLACK
6
CONTINUOUS
10
93.1017590000000013
20
-180.3044799999999839
11
92.9112829999999974
21
-180.209241999999989
0
LINE
8
BLACK
6
CONTINUOUS
10
92.9112829999999974
20
-180.209241999999989
11
92.8160450000000026
21
-180.1140039999999942
0
LINE
8
BLACK
6
CONTINUOUS
10
92.8160450000000026
20
-180.1140039999999942
11
92.7208069999999935
21
-179.9235280000000046
0
LINE
8
BLACK
6
CONTINUOUS
10
92.7208069999999935
20
-179.9235280000000046
11
92.7208069999999935
21
-179.8282899999999813
0
LINE
8
BLACK
6
CONTINUOUS
10
92.7208069999999935
20
-179.8282899999999813
11
92.8160450000000026
21
-179.6378139999999917
0
LINE
8
BLACK
6
CONTINUOUS
10
92.8160450000000026
20
-179.6378139999999917
11
92.9112829999999974
21
-179.5425759999999968
0
LINE
8
BLACK
6
CONTINUOUS
10
92.9112829999999974
20
-179.5425759999999968
11
93.1017590000000013
21
-179.447338000000002
0
LINE
8
BLACK
6
CONTINUOUS
10
93.1017590000000013
20
-179.447338000000002
11
93.4827119999999923
21
-179.447338000000002
0
LINE
8
BLACK
6
CONTINUOUS
10
93.4827119999999923
20
-179.447338000000002
11
93.6731879999999961
21
-179.5425759999999968
0
LINE
8
BLACK
6
CONTINUOUS
10
93.6731879999999961
20
-179.5425759999999968
11
93.7684259999999909
21
-179.6378139999999917
0
LINE
8
BLACK
6
CONTINUOUS
10
93.7684259999999909
20
-179.6378139999999917
11
93.863664
21
-179.8282899999999813
0
LINE
8
BLACK
6
CONTINUOUS
10
93.863664
20
-179.8282899999999813
11
93.863664
21
-179.9235280000000046
0
LINE
8
BLACK
6
CONTINUOUS
10
93.863664
20
-179.9235280000000046
11
93.7684259999999909
21
-180.1140039999999942
0
LINE
8
BLACK
6
CONTINUOUS
10
93.7684259999999909
20
-180.1140039999999942
11
93.6731879999999961
21
-180.209241999999989
0
LINE
8
BLACK
6
CONTINUOUS
10
93.6731879999999961
20
-180.209241999999989
11
93.4827119999999923
21
-180.3044799999999839
0
LINE
8
BLACK
6
CONTINUOUS
10
93.4827119999999923
20
-180.3044799999999839
11
93.1017590000000013
21
-180.3044799999999839
0
LINE
8
BLACK
6
CONTINUOUS
10
93.1017590000000013
20
-180.3044799999999839
11
92.9112829999999974
21
-180.3997190000000046
0
LINE
8
BLACK
6
CONTINUOUS
10
92.9112829999999974
20
-180.3997190000000046
11
92.8160450000000026
21
-180.4949569999999994
0
LINE
8
BLACK
6
CONTINUOUS
10
92.8160450000000026
20
-180.4949569999999994
11
92.7208069999999935
21
-180.6854329999999891
0
LINE
8
BLACK
6
CONTINUOUS
10
92.7208069999999935
20
-180.6854329999999891
11
92.7208069999999935
21
-181.0663849999999968
0
LINE
8
BLACK
6
CONTINUOUS
10
92.7208069999999935
20
-181.0663849999999968
11
92.8160450000000026
21
-181.2568609999999865
0
LINE
8
BLACK
6
CONTINUOUS
10
92.8160450000000026
20
-181.2568609999999865
11
92.9112829999999974
21
-181.3520999999999788
0
LINE
8
BLACK
6
CONTINUOUS
10
92.9112829999999974
20
-181.3520999999999788
11
93.1017590000000013
21
-181.447338000000002
0
LINE
8
BLACK
6
CONTINUOUS
10
93.1017590000000013
20
-181.447338000000002
11
93.4827119999999923
21
-181.447338000000002
0
LINE
8
BLACK
6
CONTINUOUS
10
93.4827119999999923
20
-181.447338000000002
11
93.6731879999999961
21
-181.3520999999999788
0
LINE
8
BLACK
6
CONTINUOUS
10
93.6731879999999961
20
-181.3520999999999788
11
93.7684259999999909
21
-181.2568609999999865
0
LINE
8
BLACK
6
CONTINUOUS
10
93.7684259999999909
20
-181.2568609999999865
11
93.863664
21
-181.0663849999999968
0
LINE
8
BLACK
6
CONTINUOUS
10
93.863664
20
-181.0663849999999968
11
93.863664
21
-180.6854329999999891
0
LINE
8
BLACK
6
CONTINUOUS
10
93.863664
20
-180.6854329999999891
11
93.7684259999999909
21
-180.4949569999999994
0
LINE
8
BLACK
6
CONTINUOUS
10
93.7684259999999909
20
-180.4949569999999994
11
93.6731879999999961
21
-180.3997190000000046
0
LINE
8
BLACK
6
CONTINUOUS
10
93.6731879999999961
20
-180.3997190000000046
11
93.4827119999999923
21
-180.3044799999999839
0
LINE
8
BLACK
6
CONTINUOUS
10
96.244616999999991
20
-181.447338000000002
11
96.244616999999991
21
-179.447338000000002
0
LINE
8
BLACK
6
CONTINUOUS
10
97.1017599999999987
20
-181.447338000000002
11
97.1017599999999987
21
-180.3997190000000046
0
LINE
8
BLACK
6
CONTINUOUS
10
97.1017599999999987
20
-180.3997190000000046
11
97.0065219999999897
21
-180.209241999999989
0
LINE
8
BLACK
6
CONTINUOUS
10
97.0065219999999897
20
-180.209241999999989
11
96.816046
21
-180.1140039999999942
0
LINE
8
BLACK
6
CONTINUOUS
10
96.816046
20
-180.1140039999999942
11
96.5303309999999897
21
-180.1140039999999942
0
LINE
8
BLACK
6
CONTINUOUS
10
96.5303309999999897
20
-180.1140039999999942
11
96.339855
21
-180.209241999999989
0
LINE
8
BLACK
6
CONTINUOUS
10
96.339855
20
-180.209241999999989
11
96.244616999999991
21
-180.3044799999999839
0
LINE
8
BLACK
6
CONTINUOUS
10
98.339855
20
-181.447338000000002
11
98.1493789999999962
21
-181.3520999999999788
0
LINE
8
BLACK
6
CONTINUOUS
10
98.1493789999999962
20
-181.3520999999999788
11
98.0541410000000013
21
-181.2568609999999865
0
LINE
8
BLACK
6
CONTINUOUS
10
98.0541410000000013
20
-181.2568609999999865
11
97.9589029999999923
21
-181.0663849999999968
0
LINE
8
BLACK
6
CONTINUOUS
10
97.9589029999999923
20
-181.0663849999999968
11
97.9589029999999923
21
-180.4949569999999994
0
LINE
8
BLACK
6
CONTINUOUS
10
97.9589029999999923
20
-180.4949569999999994
11
98.0541410000000013
21
-180.3044799999999839
0
LINE
8
BLACK
6
CONTINUOUS
10
98.0541410000000013
20
-180.3044799999999839
11
98.1493789999999962
21
-180.209241999999989
0
LINE
8
BLACK
6
CONTINUOUS
10
98.1493789999999962
20
-180.209241999999989
11
98.339855
21
-180.1140039999999942
0
LINE
8
BLACK
6
CONTINUOUS
10
98.339855
20
-180.1140039999999942
11
98.6255699999999962
21
-180.1140039999999942
0
LINE
8
BLACK
6
CONTINUOUS
10
98.6255699999999962
20
-180.1140039999999942
11
98.816046
21
-180.209241999999989
0
LINE
8
BLACK
6
CONTINUOUS
10
98.816046
20
-180.209241999999989
11
98.9112839999999949
21
-180.3044799999999839
0
LINE
8
BLACK
6
CONTINUOUS
10
98.9112839999999949
20
-180.3044799999999839
11
99.0065219999999897
21
-180.4949569999999994
0
LINE
8
BLACK
6
CONTINUOUS
10
99.0065219999999897
20
-180.4949569999999994
11
99.0065219999999897
21
-181.0663849999999968
0
LINE
8
BLACK
6
CONTINUOUS
10
99.0065219999999897
20
-181.0663849999999968
11
98.9112839999999949
21
-181.2568609999999865
0
LINE
8
BLACK
6
CONTINUOUS
10
98.9112839999999949
20
-181.2568609999999865
11
98.816046
21
-181.3520999999999788
0
LINE
8
BLACK
6
CONTINUOUS
10
98.816046
20
-181.3520999999999788
11
98.6255699999999962
21
-181.447338000000002
0
LINE
8
BLACK
6
CONTINUOUS
10
98.6255699999999962
20
-181.447338000000002
11
98.339855
21
-181.447338000000002
0
LINE
8
BLACK
6
CONTINUOUS
10
100.1493789999999962
20
-181.447338000000002
11
99.9589029999999923
21
-181.3520999999999788
0
LINE
8
BLACK
6
CONTINUOUS
10
99.9589029999999923
20
-181.3520999999999788
11
99.8636649999999975
21
-181.1616229999999916
0
LINE
8
BLACK
6
CONTINUOUS
10
99.8636649999999975
20
-181.1616229999999916
11
99.8636649999999975
21
-179.447338000000002
0
LINE
8
BLACK
6
CONTINUOUS
10
101.6731889999999936
20
-181.3520999999999788
11
101.4827129999999897
21
-181.447338000000002
0
LINE
8
BLACK
6
CONTINUOUS
10
101.4827129999999897
20
-181.447338000000002
11
101.1017599999999987
21
-181.447338000000002
0
LINE
8
BLACK
6
CONTINUOUS
10
101.1017599999999987
20
-181.447338000000002
11
100.9112839999999949
21
-181.3520999999999788
0
LINE
8
BLACK
6
CONTINUOUS
10
100.9112839999999949
20
-181.3520999999999788
11
100.816046
21
-181.1616229999999916
0
LINE
8
BLACK
6
CONTINUOUS
10
100.816046
20
-181.1616229999999916
11
100.816046
21
-180.3997190000000046
0
LINE
8
BLACK
6
CONTINUOUS
10
100.816046
20
-180.3997190000000046
11
100.9112839999999949
21
-180.209241999999989
0
LINE
8
BLACK
6
CONTINUOUS
10
100.9112839999999949
20
-180.209241999999989
11
101.1017599999999987
21
-180.1140039999999942
0
LINE
8
BLACK
6
CONTINUOUS
10
101.1017599999999987
20
-180.1140039999999942
11
101.4827129999999897
21
-180.1140039999999942
0
LINE
8
BLACK
6
CONTINUOUS
10
101.4827129999999897
20
-180.1140039999999942
11
101.6731889999999936
21
-180.209241999999989
0
LINE
8
BLACK
6
CONTINUOUS
10
101.6731889999999936
20
-180.209241999999989
11
101.7684269999999884
21
-180.3997190000000046
0
LINE
8
BLACK
6
CONTINUOUS
10
101.7684269999999884
20
-180.3997190000000046
11
101.7684269999999884
21
-180.5901949999999943
0
LINE
8
BLACK
6
CONTINUOUS
10
101.7684269999999884
20
-180.5901949999999943
11
100.816046
21
-180.7806709999999839
0
LINE
8
BLACK
6
CONTINUOUS
10
102.5303320000000014
20
-181.3520999999999788
11
102.720807999999991
21
-181.447338000000002
0
LINE
8
BLACK
6
CONTINUOUS
10
102.720807999999991
20
-181.447338000000002
11
103.1017599999999987
21
-181.447338000000002
0
LINE
8
BLACK
6
CONTINUOUS
10
103.1017599999999987
20
-181.447338000000002
11
103.2922370000000001
21
-181.3520999999999788
0
LINE
8
BLACK
6
CONTINUOUS
10
103.2922370000000001
20
-181.3520999999999788
11
103.3874749999999949
21
-181.1616229999999916
0
LINE
8
BLACK
6
CONTINUOUS
10
103.3874749999999949
20
-181.1616229999999916
11
103.3874749999999949
21
-181.0663849999999968
0
LINE
8
BLACK
6
CONTINUOUS
10
103.3874749999999949
20
-181.0663849999999968
11
103.2922370000000001
21
-180.8759089999999787
0
LINE
8
BLACK
6
CONTINUOUS
10
103.2922370000000001
20
-180.8759089999999787
11
103.1017599999999987
21
-180.7806709999999839
0
LINE
8
BLACK
6
CONTINUOUS
10
103.1017599999999987
20
-180.7806709999999839
11
102.816046
21
-180.7806709999999839
0
LINE
8
BLACK
6
CONTINUOUS
10
102.816046
20
-180.7806709999999839
11
102.6255699999999962
21
-180.6854329999999891
0
LINE
8
BLACK
6
CONTINUOUS
10
102.6255699999999962
20
-180.6854329999999891
11
102.5303320000000014
21
-180.4949569999999994
0
LINE
8
BLACK
6
CONTINUOUS
10
102.5303320000000014
20
-180.4949569999999994
11
102.5303320000000014
21
-180.3997190000000046
0
LINE
8
BLACK
6
CONTINUOUS
10
102.5303320000000014
20
-180.3997190000000046
11
102.6255699999999962
21
-180.209241999999989
0
LINE
8
BLACK
6
CONTINUOUS
10
102.6255699999999962
20
-180.209241999999989
11
102.816046
21
-180.1140039999999942
0
LINE
8
BLACK
6
CONTINUOUS
10
102.816046
20
-180.1140039999999942
11
103.1017599999999987
21
-180.1140039999999942
0
LINE
8
BLACK
6
CONTINUOUS
10
103.1017599999999987
20
-180.1140039999999942
11
103.2922370000000001
21
-180.209241999999989
0
LINE
8
BLACK
6
CONTINUOUS
10
104.0541419999999988
20
-182.209241999999989
11
104.1493799999999936
21
-182.1140039999999942
0
LINE
8
BLACK
6
CONTINUOUS
10
104.1493799999999936
20
-182.1140039999999942
11
104.3398559999999975
21
-181.8282899999999813
0
LINE
8
BLACK
6
CONTINUOUS
10
104.3398559999999975
20
-181.8282899999999813
11
104.4350939999999923
21
-181.6378139999999917
0
LINE
8
BLACK
6
CONTINUOUS
10
104.4350939999999923
20
-181.6378139999999917
11
104.5303320000000014
21
-181.3520999999999788
0
LINE
8
BLACK
6
CONTINUOUS
10
104.5303320000000014
20
-181.3520999999999788
11
104.6255699999999962
21
-180.8759089999999787
0
LINE
8
BLACK
6
CONTINUOUS
10
104.6255699999999962
20
-180.8759089999999787
11
104.6255699999999962
21
-180.4949569999999994
0
LINE
8
BLACK
6
CONTINUOUS
10
104.6255699999999962
20
-180.4949569999999994
11
104.5303320000000014
21
-180.0187659999999994
0
LINE
8
BLACK
6
CONTINUOUS
10
104.5303320000000014
20
-180.0187659999999994
11
104.4350939999999923
21
-179.7330519999999865
0
LINE
8
BLACK
6
CONTINUOUS
10
104.4350939999999923
20
-179.7330519999999865
11
104.3398559999999975
21
-179.5425759999999968
0
LINE
8
BLACK
6
CONTINUOUS
10
104.3398559999999975
20
-179.5425759999999968
11
104.1493799999999936
21
-179.2568609999999865
0
LINE
8
BLACK
6
CONTINUOUS
10
104.1493799999999936
20
-179.2568609999999865
11
104.0541419999999988
21
-179.1616229999999916
0
LINE
8
BLACK
6
CONTINUOUS
10
107.6731899999999911
20
-182.209241999999989
11
107.5779509999999988
21
-182.1140039999999942
0
LINE
8
BLACK
6
CONTINUOUS
10
107.5779509999999988
20
-182.1140039999999942
11
107.3874749999999949
21
-181.8282899999999813
0
LINE
8
BLACK
6
CONTINUOUS
10
107.3874749999999949
20
-181.8282899999999813
11
107.2922370000000001
21
-181.6378139999999917
0
LINE
8
BLACK
6
CONTINUOUS
10
107.2922370000000001
20
-181.6378139999999917
11
107.196998999999991
21
-181.3520999999999788
0
LINE
8
BLACK
6
CONTINUOUS
10
107.196998999999991
20
-181.3520999999999788
11
107.1017609999999962
21
-180.8759089999999787
0
LINE
8
BLACK
6
CONTINUOUS
10
107.1017609999999962
20
-180.8759089999999787
11
107.1017609999999962
21
-180.4949569999999994
0
LINE
8
BLACK
6
CONTINUOUS
10
107.1017609999999962
20
-180.4949569999999994
11
107.196998999999991
21
-180.0187659999999994
0
LINE
8
BLACK
6
CONTINUOUS
10
107.196998999999991
20
-180.0187659999999994
11
107.2922370000000001
21
-179.7330519999999865
0
LINE
8
BLACK
6
CONTINUOUS
10
107.2922370000000001
20
-179.7330519999999865
11
107.3874749999999949
21
-179.5425759999999968
0
LINE
8
BLACK
6
CONTINUOUS
10
107.3874749999999949
20
-179.5425759999999968
11
107.5779509999999988
21
-179.2568609999999865
0
LINE
8
BLACK
6
CONTINUOUS
10
107.5779509999999988
20
-179.2568609999999865
11
107.6731899999999911
21
-179.1616229999999916
0
LINE
8
BLACK
6
CONTINUOUS
10
108.4350939999999923
20
-180.1140039999999942
11
108.4350939999999923
21
-181.447338000000002
0
LINE
8
BLACK
6
CONTINUOUS
10
108.4350939999999923
20
-180.3044799999999839
11
108.5303320000000014
21
-180.209241999999989
0
LINE
8
BLACK
6
CONTINUOUS
10
108.5303320000000014
20
-180.209241999999989
11
108.720807999999991
21
-180.1140039999999942
0
LINE
8
BLACK
6
CONTINUOUS
10
108.720807999999991
20
-180.1140039999999942
11
109.0065230000000014
21
-180.1140039999999942
0
LINE
8
BLACK
6
CONTINUOUS
10
109.0065230000000014
20
-180.1140039999999942
11
109.196998999999991
21
-180.209241999999989
0
LINE
8
BLACK
6
CONTINUOUS
10
109.196998999999991
20
-180.209241999999989
11
109.2922370000000001
21
-180.3997190000000046
0
LINE
8
BLACK
6
CONTINUOUS
10
109.2922370000000001
20
-180.3997190000000046
11
109.2922370000000001
21
-181.447338000000002
0
LINE
8
BLACK
6
CONTINUOUS
10
110.5303320000000014
20
-181.447338000000002
11
110.3398559999999975
21
-181.3520999999999788
0
LINE
8
BLACK
6
CONTINUOUS
10
110.3398559999999975
20
-181.3520999999999788
11
110.2446179999999885
21
-181.2568609999999865
0
LINE
8
BLACK
6
CONTINUOUS
10
110.2446179999999885
20
-181.2568609999999865
11
110.1493799999999936
21
-181.0663849999999968
0
LINE
8
BLACK
6
CONTINUOUS
10
110.1493799999999936
20
-181.0663849999999968
11
110.1493799999999936
21
-180.4949569999999994
0
LINE
8
BLACK
6
CONTINUOUS
10
110.1493799999999936
20
-180.4949569999999994
11
110.2446179999999885
21
-180.3044799999999839
0
LINE
8
BLACK
6
CONTINUOUS
10
110.2446179999999885
20
-180.3044799999999839
11
110.3398559999999975
21
-180.209241999999989
0
LINE
8
BLACK
6
CONTINUOUS
10
110.3398559999999975
20
-180.209241999999989
11
110.5303320000000014
21
-180.1140039999999942
0
LINE
8
BLACK
6
CONTINUOUS
10
110.5303320000000014
20
-180.1140039999999942
11
110.8160469999999975
21
-180.1140039999999942
0
LINE
8
BLACK
6
CONTINUOUS
10
110.8160469999999975
20
-180.1140039999999942
11
111.0065230000000014
21
-180.209241999999989
0
LINE
8
BLACK
6
CONTINUOUS
10
111.0065230000000014
20
-180.209241999999989
11
111.1017609999999962
21
-180.3044799999999839
0
LINE
8
BLACK
6
CONTINUOUS
10
111.1017609999999962
20
-180.3044799999999839
11
111.196998999999991
21
-180.4949569999999994
0
LINE
8
BLACK
6
CONTINUOUS
10
111.196998999999991
20
-180.4949569999999994
11
111.196998999999991
21
-181.0663849999999968
0
LINE
8
BLACK
6
CONTINUOUS
10
111.196998999999991
20
-181.0663849999999968
11
111.1017609999999962
21
-181.2568609999999865
0
LINE
8
BLACK
6
CONTINUOUS
10
111.1017609999999962
20
-181.2568609999999865
11
111.0065230000000014
21
-181.3520999999999788
0
LINE
8
BLACK
6
CONTINUOUS
10
111.0065230000000014
20
-181.3520999999999788
11
110.8160469999999975
21
-181.447338000000002
0
LINE
8
BLACK
6
CONTINUOUS
10
110.8160469999999975
20
-181.447338000000002
11
110.5303320000000014
21
-181.447338000000002
0
LINE
8
BLACK
6
CONTINUOUS
10
111.7684280000000001
20
-180.1140039999999942
11
112.5303320000000014
21
-180.1140039999999942
0
LINE
8
BLACK
6
CONTINUOUS
10
112.0541419999999988
20
-179.447338000000002
11
112.0541419999999988
21
-181.1616229999999916
0
LINE
8
BLACK
6
CONTINUOUS
10
112.0541419999999988
20
-181.1616229999999916
11
112.1493799999999936
21
-181.3520999999999788
0
LINE
8
BLACK
6
CONTINUOUS
10
112.1493799999999936
20
-181.3520999999999788
11
112.3398559999999975
21
-181.447338000000002
0
LINE
8
BLACK
6
CONTINUOUS
10
112.3398559999999975
20
-181.447338000000002
11
112.5303320000000014
21
-181.447338000000002
0
LINE
8
BLACK
6
CONTINUOUS
10
114.7208089999999885
20
-180.1140039999999942
11
114.7208089999999885
21
-182.1140039999999942
0
LINE
8
BLACK
6
CONTINUOUS
10
114.7208089999999885
20
-180.209241999999989
11
114.9112849999999924
21
-180.1140039999999942
0
LINE
8
BLACK
6
CONTINUOUS
10
114.9112849999999924
20
-180.1140039999999942
11
115.2922379999999976
21
-180.1140039999999942
0
LINE
8
BLACK
6
CONTINUOUS
10
115.2922379999999976
20
-180.1140039999999942
11
115.4827140000000014
21
-180.209241999999989
0
LINE
8
BLACK
6
CONTINUOUS
10
115.4827140000000014
20
-180.209241999999989
11
115.5779519999999962
21
-180.3044799999999839
0
LINE
8
BLACK
6
CONTINUOUS
10
115.5779519999999962
20
-180.3044799999999839
11
115.6731899999999911
21
-180.4949569999999994
0
LINE
8
BLACK
6
CONTINUOUS
10
115.6731899999999911
20
-180.4949569999999994
11
115.6731899999999911
21
-181.0663849999999968
0
LINE
8
BLACK
6
CONTINUOUS
10
115.6731899999999911
20
-181.0663849999999968
11
115.5779519999999962
21
-181.2568609999999865
0
LINE
8
BLACK
6
CONTINUOUS
10
115.5779519999999962
20
-181.2568609999999865
11
115.4827140000000014
21
-181.3520999999999788
0
LINE
8
BLACK
6
CONTINUOUS
10
115.4827140000000014
20
-181.3520999999999788
11
115.2922379999999976
21
-181.447338000000002
0
LINE
8
BLACK
6
CONTINUOUS
10
115.2922379999999976
20
-181.447338000000002
11
114.9112849999999924
21
-181.447338000000002
0
LINE
8
BLACK
6
CONTINUOUS
10
114.9112849999999924
20
-181.447338000000002
11
114.7208089999999885
21
-181.3520999999999788
0
LINE
8
BLACK
6
CONTINUOUS
10
116.8160469999999975
20
-181.447338000000002
11
116.6255709999999937
21
-181.3520999999999788
0
LINE
8
BLACK
6
CONTINUOUS
10
116.6255709999999937
20
-181.3520999999999788
11
116.5303329999999988
21
-181.1616229999999916
0
LINE
8
BLACK
6
CONTINUOUS
10
116.5303329999999988
20
-181.1616229999999916
11
116.5303329999999988
21
-179.447338000000002
0
LINE
8
BLACK
6
CONTINUOUS
10
118.4350949999999898
20
-181.447338000000002
11
118.4350949999999898
21
-180.3997190000000046
0
LINE
8
BLACK
6
CONTINUOUS
10
118.4350949999999898
20
-180.3997190000000046
11
118.339856999999995
21
-180.209241999999989
0
LINE
8
BLACK
6
CONTINUOUS
10
118.339856999999995
20
-180.209241999999989
11
118.1493809999999911
21
-180.1140039999999942
0
LINE
8
BLACK
6
CONTINUOUS
10
118.1493809999999911
20
-180.1140039999999942
11
117.7684280000000001
21
-180.1140039999999942
0
LINE
8
BLACK
6
CONTINUOUS
10
117.7684280000000001
20
-180.1140039999999942
11
117.5779519999999962
21
-180.209241999999989
0
LINE
8
BLACK
6
CONTINUOUS
10
118.4350949999999898
20
-181.3520999999999788
11
118.2446190000000001
21
-181.447338000000002
0
LINE
8
BLACK
6
CONTINUOUS
10
118.2446190000000001
20
-181.447338000000002
11
117.7684280000000001
21
-181.447338000000002
0
LINE
8
BLACK
6
CONTINUOUS
10
117.7684280000000001
20
-181.447338000000002
11
117.5779519999999962
21
-181.3520999999999788
0
LINE
8
BLACK
6
CONTINUOUS
10
117.5779519999999962
20
-181.3520999999999788
11
117.4827140000000014
21
-181.1616229999999916
0
LINE
8
BLACK
6
CONTINUOUS
10
117.4827140000000014
20
-181.1616229999999916
11
117.4827140000000014
21
-180.971147000000002
0
LINE
8
BLACK
6
CONTINUOUS
10
117.4827140000000014
20
-180.971147000000002
11
117.5779519999999962
21
-180.7806709999999839
0
LINE
8
BLACK
6
CONTINUOUS
10
117.5779519999999962
20
-180.7806709999999839
11
117.7684280000000001
21
-180.6854329999999891
0
LINE
8
BLACK
6
CONTINUOUS
10
117.7684280000000001
20
-180.6854329999999891
11
118.2446190000000001
21
-180.6854329999999891
0
LINE
8
BLACK
6
CONTINUOUS
10
118.2446190000000001
20
-180.6854329999999891
11
118.4350949999999898
21
-180.5901949999999943
0
LINE
8
BLACK
6
CONTINUOUS
10
119.1017619999999937
20
-180.1140039999999942
11
119.8636659999999949
21
-180.1140039999999942
0
LINE
8
BLACK
6
CONTINUOUS
10
119.3874759999999924
20
-179.447338000000002
11
119.3874759999999924
21
-181.1616229999999916
0
LINE
8
BLACK
6
CONTINUOUS
10
119.3874759999999924
20
-181.1616229999999916
11
119.4827140000000014
21
-181.3520999999999788
0
LINE
8
BLACK
6
CONTINUOUS
10
119.4827140000000014
20
-181.3520999999999788
11
119.6731899999999911
21
-181.447338000000002
0
LINE
8
BLACK
6
CONTINUOUS
10
119.6731899999999911
20
-181.447338000000002
11
119.8636659999999949
21
-181.447338000000002
0
LINE
8
BLACK
6
CONTINUOUS
10
121.2922379999999976
20
-181.3520999999999788
11
121.1017619999999937
21
-181.447338000000002
0
LINE
8
BLACK
6
CONTINUOUS
10
121.1017619999999937
20
-181.447338000000002
11
120.7208089999999885
21
-181.447338000000002
0
LINE
8
BLACK
6
CONTINUOUS
10
120.7208089999999885
20
-181.447338000000002
11
120.5303329999999988
21
-181.3520999999999788
0
LINE
8
BLACK
6
CONTINUOUS
10
120.5303329999999988
20
-181.3520999999999788
11
120.4350949999999898
21
-181.1616229999999916
0
LINE
8
BLACK
6
CONTINUOUS
10
120.4350949999999898
20
-181.1616229999999916
11
120.4350949999999898
21
-180.3997190000000046
0
LINE
8
BLACK
6
CONTINUOUS
10
120.4350949999999898
20
-180.3997190000000046
11
120.5303329999999988
21
-180.209241999999989
0
LINE
8
BLACK
6
CONTINUOUS
10
120.5303329999999988
20
-180.209241999999989
11
120.7208089999999885
21
-180.1140039999999942
0
LINE
8
BLACK
6
CONTINUOUS
10
120.7208089999999885
20
-180.1140039999999942
11
121.1017619999999937
21
-180.1140039999999942
0
LINE
8
BLACK
6
CONTINUOUS
10
121.1017619999999937
20
-180.1140039999999942
11
121.2922379999999976
21
-180.209241999999989
0
LINE
8
BLACK
6
CONTINUOUS
10
121.2922379999999976
20
-180.209241999999989
11
121.3874759999999924
21
-180.3997190000000046
0
LINE
8
BLACK
6
CONTINUOUS
10
121.3874759999999924
20
-180.3997190000000046
11
121.3874759999999924
21
-180.5901949999999943
0
LINE
8
BLACK
6
CONTINUOUS
10
121.3874759999999924
20
-180.5901949999999943
11
120.4350949999999898
21
-180.7806709999999839
0
LINE
8
BLACK
6
CONTINUOUS
10
123.1017619999999937
20
-181.447338000000002
11
123.1017619999999937
21
-179.447338000000002
0
LINE
8
BLACK
6
CONTINUOUS
10
123.1017619999999937
20
-181.3520999999999788
11
122.9112859999999898
21
-181.447338000000002
0
LINE
8
BLACK
6
CONTINUOUS
10
122.9112859999999898
20
-181.447338000000002
11
122.5303329999999988
21
-181.447338000000002
0
LINE
8
BLACK
6
CONTINUOUS
10
122.5303329999999988
20
-181.447338000000002
11
122.339856999999995
21
-181.3520999999999788
0
LINE
8
BLACK
6
CONTINUOUS
10
122.339856999999995
20
-181.3520999999999788
11
122.2446190000000001
21
-181.2568609999999865
0
LINE
8
BLACK
6
CONTINUOUS
10
122.2446190000000001
20
-181.2568609999999865
11
122.1493809999999911
21
-181.0663849999999968
0
LINE
8
BLACK
6
CONTINUOUS
10
122.1493809999999911
20
-181.0663849999999968
11
122.1493809999999911
21
-180.4949569999999994
0
LINE
8
BLACK
6
CONTINUOUS
10
122.1493809999999911
20
-180.4949569999999994
11
122.2446190000000001
21
-180.3044799999999839
0
LINE
8
BLACK
6
CONTINUOUS
10
122.2446190000000001
20
-180.3044799999999839
11
122.339856999999995
21
-180.209241999999989
0
LINE
8
BLACK
6
CONTINUOUS
10
122.339856999999995
20
-180.209241999999989
11
122.5303329999999988
21
-180.1140039999999942
0
LINE
8
BLACK
6
CONTINUOUS
10
122.5303329999999988
20
-180.1140039999999942
11
122.9112859999999898
21
-180.1140039999999942
0
LINE
8
BLACK
6
CONTINUOUS
10
122.9112859999999898
20
-180.1140039999999942
11
123.1017619999999937
21
-180.209241999999989
0
LINE
8
BLACK
6
CONTINUOUS
10
123.8636669999999924
20
-182.209241999999989
11
123.9589050000000015
21
-182.1140039999999942
0
LINE
8
BLACK
6
CONTINUOUS
10
123.9589050000000015
20
-182.1140039999999942
11
124.1493809999999911
21
-181.8282899999999813
0
LINE
8
BLACK
6
CONTINUOUS
10
124.1493809999999911
20
-181.8282899999999813
11
124.2446190000000001
21
-181.6378139999999917
0
LINE
8
BLACK
6
CONTINUOUS
10
124.2446190000000001
20
-181.6378139999999917
11
124.339856999999995
21
-181.3520999999999788
0
LINE
8
BLACK
6
CONTINUOUS
10
124.339856999999995
20
-181.3520999999999788
11
124.4350949999999898
21
-180.8759089999999787
0
LINE
8
BLACK
6
CONTINUOUS
10
124.4350949999999898
20
-180.8759089999999787
11
124.4350949999999898
21
-180.4949569999999994
0
LINE
8
BLACK
6
CONTINUOUS
10
124.4350949999999898
20
-180.4949569999999994
11
124.339856999999995
21
-180.0187659999999994
0
LINE
8
BLACK
6
CONTINUOUS
10
124.339856999999995
20
-180.0187659999999994
11
124.2446190000000001
21
-179.7330519999999865
0
LINE
8
BLACK
6
CONTINUOUS
10
124.2446190000000001
20
-179.7330519999999865
11
124.1493809999999911
21
-179.5425759999999968
0
LINE
8
BLACK
6
CONTINUOUS
10
124.1493809999999911
20
-179.5425759999999968
11
123.9589050000000015
21
-179.2568609999999865
0
LINE
8
BLACK
6
CONTINUOUS
10
123.9589050000000015
20
-179.2568609999999865
11
123.8636669999999924
21
-179.1616229999999916
0
CIRCLE
8
BLACK
10
53.5237499999999997
20
-183.1724999999999852
40
0.875
0
LINE
8
BLACK
6
CONTINUOUS
10
58.0541369999999972
20
-184.0873379999999884
11
56.9112799999999979
21
-184.0873379999999884
0
LINE
8
BLACK
6
CONTINUOUS
10
57.4827079999999953
20
-184.0873379999999884
11
57.4827079999999953
21
-182.0873379999999884
0
LINE
8
BLACK
6
CONTINUOUS
10
57.4827079999999953
20
-182.0873379999999884
11
57.2922319999999985
21
-182.3730520000000013
0
LINE
8
BLACK
6
CONTINUOUS
10
57.2922319999999985
20
-182.3730520000000013
11
57.1017559999999946
21
-182.5635279999999909
0
LINE
8
BLACK
6
CONTINUOUS
10
57.1017559999999946
20
-182.5635279999999909
11
56.9112799999999979
21
-182.6587659999999858
0
LINE
8
BLACK
6
CONTINUOUS
10
58.9112799999999979
20
-183.8968610000000012
11
59.0065179999999998
21
-183.9920999999999935
0
LINE
8
BLACK
6
CONTINUOUS
10
59.0065179999999998
20
-183.9920999999999935
11
58.9112799999999979
21
-184.0873379999999884
0
LINE
8
BLACK
6
CONTINUOUS
10
58.9112799999999979
20
-184.0873379999999884
11
58.8160419999999959
21
-183.9920999999999935
0
LINE
8
BLACK
6
CONTINUOUS
10
58.8160419999999959
20
-183.9920999999999935
11
58.9112799999999979
21
-183.8968610000000012
0
LINE
8
BLACK
6
CONTINUOUS
10
58.9112799999999979
20
-183.8968610000000012
11
58.9112799999999979
21
-184.0873379999999884
0
LINE
8
BLACK
6
CONTINUOUS
10
59.6731849999999966
20
-182.0873379999999884
11
61.0065179999999998
21
-182.0873379999999884
0
LINE
8
BLACK
6
CONTINUOUS
10
61.0065179999999998
20
-182.0873379999999884
11
60.1493749999999991
21
-184.0873379999999884
0
LINE
8
BLACK
6
CONTINUOUS
10
62.720803999999994
20
-182.0873379999999884
11
61.7684229999999985
21
-182.0873379999999884
0
LINE
8
BLACK
6
CONTINUOUS
10
61.7684229999999985
20
-182.0873379999999884
11
61.6731849999999966
21
-183.039718999999991
0
LINE
8
BLACK
6
CONTINUOUS
10
61.6731849999999966
20
-183.039718999999991
11
61.7684229999999985
21
-182.9444799999999987
0
LINE
8
BLACK
6
CONTINUOUS
10
61.7684229999999985
20
-182.9444799999999987
11
61.9588989999999953
21
-182.8492420000000038
0
LINE
8
BLACK
6
CONTINUOUS
10
61.9588989999999953
20
-182.8492420000000038
11
62.4350899999999953
21
-182.8492420000000038
0
LINE
8
BLACK
6
CONTINUOUS
10
62.4350899999999953
20
-182.8492420000000038
11
62.6255659999999992
21
-182.9444799999999987
0
LINE
8
BLACK
6
CONTINUOUS
10
62.6255659999999992
20
-182.9444799999999987
11
62.720803999999994
21
-183.039718999999991
0
LINE
8
BLACK
6
CONTINUOUS
10
62.720803999999994
20
-183.039718999999991
11
62.8160419999999959
21
-183.2301949999999806
0
LINE
8
BLACK
6
CONTINUOUS
10
62.8160419999999959
20
-183.2301949999999806
11
62.8160419999999959
21
-183.7063849999999832
0
LINE
8
BLACK
6
CONTINUOUS
10
62.8160419999999959
20
-183.7063849999999832
11
62.720803999999994
21
-183.8968610000000012
0
LINE
8
BLACK
6
CONTINUOUS
10
62.720803999999994
20
-183.8968610000000012
11
62.6255659999999992
21
-183.9920999999999935
0
LINE
8
BLACK
6
CONTINUOUS
10
62.6255659999999992
20
-183.9920999999999935
11
62.4350899999999953
21
-184.0873379999999884
0
LINE
8
BLACK
6
CONTINUOUS
10
62.4350899999999953
20
-184.0873379999999884
11
61.9588989999999953
21
-184.0873379999999884
0
LINE
8
BLACK
6
CONTINUOUS
10
61.9588989999999953
20
-184.0873379999999884
11
61.7684229999999985
21
-183.9920999999999935
0
LINE
8
BLACK
6
CONTINUOUS
10
61.7684229999999985
20
-183.9920999999999935
11
61.6731849999999966
21
-183.8968610000000012
0
LINE
8
BLACK
6
CONTINUOUS
10
64.0541369999999972
20
-182.0873379999999884
11
64.2446139999999986
21
-182.0873379999999884
0
LINE
8
BLACK
6
CONTINUOUS
10
64.2446139999999986
20
-182.0873379999999884
11
64.4350900000000024
21
-182.1825759999999832
0
LINE
8
BLACK
6
CONTINUOUS
10
64.4350900000000024
20
-182.1825759999999832
11
64.5303279999999972
21
-182.277813999999978
0
LINE
8
BLACK
6
CONTINUOUS
10
64.5303279999999972
20
-182.277813999999978
11
64.6255659999999921
21
-182.4682899999999961
0
LINE
8
BLACK
6
CONTINUOUS
10
64.6255659999999921
20
-182.4682899999999961
11
64.7208040000000011
21
-182.8492420000000038
0
LINE
8
BLACK
6
CONTINUOUS
10
64.7208040000000011
20
-182.8492420000000038
11
64.7208040000000011
21
-183.3254330000000039
0
LINE
8
BLACK
6
CONTINUOUS
10
64.7208040000000011
20
-183.3254330000000039
11
64.6255659999999921
21
-183.7063849999999832
0
LINE
8
BLACK
6
CONTINUOUS
10
64.6255659999999921
20
-183.7063849999999832
11
64.5303279999999972
21
-183.8968610000000012
0
LINE
8
BLACK
6
CONTINUOUS
10
64.5303279999999972
20
-183.8968610000000012
11
64.4350900000000024
21
-183.9920999999999935
0
LINE
8
BLACK
6
CONTINUOUS
10
64.4350900000000024
20
-183.9920999999999935
11
64.2446139999999986
21
-184.0873379999999884
0
LINE
8
BLACK
6
CONTINUOUS
10
64.2446139999999986
20
-184.0873379999999884
11
64.0541369999999972
21
-184.0873379999999884
0
LINE
8
BLACK
6
CONTINUOUS
10
64.0541369999999972
20
-184.0873379999999884
11
63.8636610000000005
21
-183.9920999999999935
0
LINE
8
BLACK
6
CONTINUOUS
10
63.8636610000000005
20
-183.9920999999999935
11
63.7684229999999985
21
-183.8968610000000012
0
LINE
8
BLACK
6
CONTINUOUS
10
63.7684229999999985
20
-183.8968610000000012
11
63.6731849999999966
21
-183.7063849999999832
0
LINE
8
BLACK
6
CONTINUOUS
10
63.6731849999999966
20
-183.7063849999999832
11
63.5779469999999947
21
-183.3254330000000039
0
LINE
8
BLACK
6
CONTINUOUS
10
63.5779469999999947
20
-183.3254330000000039
11
63.5779469999999947
21
-182.8492420000000038
0
LINE
8
BLACK
6
CONTINUOUS
10
63.5779469999999947
20
-182.8492420000000038
11
63.6731849999999966
21
-182.4682899999999961
0
LINE
8
BLACK
6
CONTINUOUS
10
63.6731849999999966
20
-182.4682899999999961
11
63.7684229999999985
21
-182.277813999999978
0
LINE
8
BLACK
6
CONTINUOUS
10
63.7684229999999985
20
-182.277813999999978
11
63.8636610000000005
21
-182.1825759999999832
0
LINE
8
BLACK
6
CONTINUOUS
10
63.8636610000000005
20
-182.1825759999999832
11
64.0541369999999972
21
-182.0873379999999884
0
LINE
8
BLACK
6
CONTINUOUS
10
65.5779469999999947
20
-184.0873379999999884
11
65.5779469999999947
21
-182.7540039999999806
0
LINE
8
BLACK
6
CONTINUOUS
10
65.5779469999999947
20
-182.9444799999999987
11
65.6731850000000037
21
-182.8492420000000038
0
LINE
8
BLACK
6
CONTINUOUS
10
65.6731850000000037
20
-182.8492420000000038
11
65.8636609999999934
21
-182.7540039999999806
0
LINE
8
BLACK
6
CONTINUOUS
10
65.8636609999999934
20
-182.7540039999999806
11
66.1493760000000037
21
-182.7540039999999806
0
LINE
8
BLACK
6
CONTINUOUS
10
66.1493760000000037
20
-182.7540039999999806
11
66.3398519999999934
21
-182.8492420000000038
0
LINE
8
BLACK
6
CONTINUOUS
10
66.3398519999999934
20
-182.8492420000000038
11
66.4350900000000024
21
-183.039718999999991
0
LINE
8
BLACK
6
CONTINUOUS
10
66.4350900000000024
20
-183.039718999999991
11
66.4350900000000024
21
-184.0873379999999884
0
LINE
8
BLACK
6
CONTINUOUS
10
66.4350900000000024
20
-183.039718999999991
11
66.5303279999999972
21
-182.8492420000000038
0
LINE
8
BLACK
6
CONTINUOUS
10
66.5303279999999972
20
-182.8492420000000038
11
66.7208040000000011
21
-182.7540039999999806
0
LINE
8
BLACK
6
CONTINUOUS
10
66.7208040000000011
20
-182.7540039999999806
11
67.0065179999999998
21
-182.7540039999999806
0
LINE
8
BLACK
6
CONTINUOUS
10
67.0065179999999998
20
-182.7540039999999806
11
67.1969950000000011
21
-182.8492420000000038
0
LINE
8
BLACK
6
CONTINUOUS
10
67.1969950000000011
20
-182.8492420000000038
11
67.292232999999996
21
-183.039718999999991
0
LINE
8
BLACK
6
CONTINUOUS
10
67.292232999999996
20
-183.039718999999991
11
67.292232999999996
21
-184.0873379999999884
0
LINE
8
BLACK
6
CONTINUOUS
10
68.2446139999999986
20
-184.0873379999999884
11
68.2446139999999986
21
-182.7540039999999806
0
LINE
8
BLACK
6
CONTINUOUS
10
68.2446139999999986
20
-182.9444799999999987
11
68.3398519999999934
21
-182.8492420000000038
0
LINE
8
BLACK
6
CONTINUOUS
10
68.3398519999999934
20
-182.8492420000000038
11
68.5303279999999972
21
-182.7540039999999806
0
LINE
8
BLACK
6
CONTINUOUS
10
68.5303279999999972
20
-182.7540039999999806
11
68.8160429999999934
21
-182.7540039999999806
0
LINE
8
BLACK
6
CONTINUOUS
10
68.8160429999999934
20
-182.7540039999999806
11
69.0065189999999973
21
-182.8492420000000038
0
LINE
8
BLACK
6
CONTINUOUS
10
69.0065189999999973
20
-182.8492420000000038
11
69.1017569999999921
21
-183.039718999999991
0
LINE
8
BLACK
6
CONTINUOUS
10
69.1017569999999921
20
-183.039718999999991
11
69.1017569999999921
21
-184.0873379999999884
0
LINE
8
BLACK
6
CONTINUOUS
10
69.1017569999999921
20
-183.039718999999991
11
69.1969950000000011
21
-182.8492420000000038
0
LINE
8
BLACK
6
CONTINUOUS
10
69.1969950000000011
20
-182.8492420000000038
11
69.3874709999999908
21
-182.7540039999999806
0
LINE
8
BLACK
6
CONTINUOUS
10
69.3874709999999908
20
-182.7540039999999806
11
69.6731850000000037
21
-182.7540039999999806
0
LINE
8
BLACK
6
CONTINUOUS
10
69.6731850000000037
20
-182.7540039999999806
11
69.8636619999999908
21
-182.8492420000000038
0
LINE
8
BLACK
6
CONTINUOUS
10
69.8636619999999908
20
-182.8492420000000038
11
69.9588999999999999
21
-183.039718999999991
0
LINE
8
BLACK
6
CONTINUOUS
10
69.9588999999999999
20
-183.039718999999991
11
69.9588999999999999
21
-184.0873379999999884
0
LINE
8
BLACK
6
CONTINUOUS
10
73.8636619999999908
20
-181.9920999999999935
11
72.1493770000000012
21
-184.5635279999999909
0
LINE
8
BLACK
6
CONTINUOUS
10
76.4350909999999999
20
-182.0873379999999884
11
76.6255680000000012
21
-182.0873379999999884
0
LINE
8
BLACK
6
CONTINUOUS
10
76.6255680000000012
20
-182.0873379999999884
11
76.8160439999999909
21
-182.1825759999999832
0
LINE
8
BLACK
6
CONTINUOUS
10
76.8160439999999909
20
-182.1825759999999832
11
76.9112819999999999
21
-182.277813999999978
0
LINE
8
BLACK
6
CONTINUOUS
10
76.9112819999999999
20
-182.277813999999978
11
77.0065199999999948
21
-182.4682899999999961
0
LINE
8
BLACK
6
CONTINUOUS
10
77.0065199999999948
20
-182.4682899999999961
11
77.1017579999999896
21
-182.8492420000000038
0
LINE
8
BLACK
6
CONTINUOUS
10
77.1017579999999896
20
-182.8492420000000038
11
77.1017579999999896
21
-183.3254330000000039
0
LINE
8
BLACK
6
CONTINUOUS
10
77.1017579999999896
20
-183.3254330000000039
11
77.0065199999999948
21
-183.7063849999999832
0
LINE
8
BLACK
6
CONTINUOUS
10
77.0065199999999948
20
-183.7063849999999832
11
76.9112819999999999
21
-183.8968610000000012
0
LINE
8
BLACK
6
CONTINUOUS
10
76.9112819999999999
20
-183.8968610000000012
11
76.8160439999999909
21
-183.9920999999999935
0
LINE
8
BLACK
6
CONTINUOUS
10
76.8160439999999909
20
-183.9920999999999935
11
76.6255680000000012
21
-184.0873379999999884
0
LINE
8
BLACK
6
CONTINUOUS
10
76.6255680000000012
20
-184.0873379999999884
11
76.4350909999999999
21
-184.0873379999999884
0
LINE
8
BLACK
6
CONTINUOUS
10
76.4350909999999999
20
-184.0873379999999884
11
76.244614999999996
21
-183.9920999999999935
0
LINE
8
BLACK
6
CONTINUOUS
10
76.244614999999996
20
-183.9920999999999935
11
76.1493770000000012
21
-183.8968610000000012
0
LINE
8
BLACK
6
CONTINUOUS
10
76.1493770000000012
20
-183.8968610000000012
11
76.0541389999999922
21
-183.7063849999999832
0
LINE
8
BLACK
6
CONTINUOUS
10
76.0541389999999922
20
-183.7063849999999832
11
75.9589009999999973
21
-183.3254330000000039
0
LINE
8
BLACK
6
CONTINUOUS
10
75.9589009999999973
20
-183.3254330000000039
11
75.9589009999999973
21
-182.8492420000000038
0
LINE
8
BLACK
6
CONTINUOUS
10
75.9589009999999973
20
-182.8492420000000038
11
76.0541389999999922
21
-182.4682899999999961
0
LINE
8
BLACK
6
CONTINUOUS
10
76.0541389999999922
20
-182.4682899999999961
11
76.1493770000000012
21
-182.277813999999978
0
LINE
8
BLACK
6
CONTINUOUS
10
76.1493770000000012
20
-182.277813999999978
11
76.244614999999996
21
-182.1825759999999832
0
LINE
8
BLACK
6
CONTINUOUS
10
76.244614999999996
20
-182.1825759999999832
11
76.4350909999999999
21
-182.0873379999999884
0
LINE
8
BLACK
6
CONTINUOUS
10
77.9589009999999973
20
-183.8968610000000012
11
78.0541389999999922
21
-183.9920999999999935
0
LINE
8
BLACK
6
CONTINUOUS
10
78.0541389999999922
20
-183.9920999999999935
11
77.9589009999999973
21
-184.0873379999999884
0
LINE
8
BLACK
6
CONTINUOUS
10
77.9589009999999973
20
-184.0873379999999884
11
77.8636630000000025
21
-183.9920999999999935
0
LINE
8
BLACK
6
CONTINUOUS
10
77.8636630000000025
20
-183.9920999999999935
11
77.9589009999999973
21
-183.8968610000000012
0
LINE
8
BLACK
6
CONTINUOUS
10
77.9589009999999973
20
-183.8968610000000012
11
77.9589009999999973
21
-184.0873379999999884
0
LINE
8
BLACK
6
CONTINUOUS
10
79.2922339999999934
20
-182.0873379999999884
11
79.4827109999999948
21
-182.0873379999999884
0
LINE
8
BLACK
6
CONTINUOUS
10
79.4827109999999948
20
-182.0873379999999884
11
79.6731869999999986
21
-182.1825759999999832
0
LINE
8
BLACK
6
CONTINUOUS
10
79.6731869999999986
20
-182.1825759999999832
11
79.7684249999999935
21
-182.277813999999978
0
LINE
8
BLACK
6
CONTINUOUS
10
79.7684249999999935
20
-182.277813999999978
11
79.8636630000000025
21
-182.4682899999999961
0
LINE
8
BLACK
6
CONTINUOUS
10
79.8636630000000025
20
-182.4682899999999961
11
79.9589009999999973
21
-182.8492420000000038
0
LINE
8
BLACK
6
CONTINUOUS
10
79.9589009999999973
20
-182.8492420000000038
11
79.9589009999999973
21
-183.3254330000000039
0
LINE
8
BLACK
6
CONTINUOUS
10
79.9589009999999973
20
-183.3254330000000039
11
79.8636630000000025
21
-183.7063849999999832
0
LINE
8
BLACK
6
CONTINUOUS
10
79.8636630000000025
20
-183.7063849999999832
11
79.7684249999999935
21
-183.8968610000000012
0
LINE
8
BLACK
6
CONTINUOUS
10
79.7684249999999935
20
-183.8968610000000012
11
79.6731869999999986
21
-183.9920999999999935
0
LINE
8
BLACK
6
CONTINUOUS
10
79.6731869999999986
20
-183.9920999999999935
11
79.4827109999999948
21
-184.0873379999999884
0
LINE
8
BLACK
6
CONTINUOUS
10
79.4827109999999948
20
-184.0873379999999884
11
79.2922339999999934
21
-184.0873379999999884
0
LINE
8
BLACK
6
CONTINUOUS
10
79.2922339999999934
20
-184.0873379999999884
11
79.1017579999999896
21
-183.9920999999999935
0
LINE
8
BLACK
6
CONTINUOUS
10
79.1017579999999896
20
-183.9920999999999935
11
79.0065199999999948
21
-183.8968610000000012
0
LINE
8
BLACK
6
CONTINUOUS
10
79.0065199999999948
20
-183.8968610000000012
11
78.9112819999999999
21
-183.7063849999999832
0
LINE
8
BLACK
6
CONTINUOUS
10
78.9112819999999999
20
-183.7063849999999832
11
78.8160439999999909
21
-183.3254330000000039
0
LINE
8
BLACK
6
CONTINUOUS
10
78.8160439999999909
20
-183.3254330000000039
11
78.8160439999999909
21
-182.8492420000000038
0
LINE
8
BLACK
6
CONTINUOUS
10
78.8160439999999909
20
-182.8492420000000038
11
78.9112819999999999
21
-182.4682899999999961
0
LINE
8
BLACK
6
CONTINUOUS
10
78.9112819999999999
20
-182.4682899999999961
11
79.0065199999999948
21
-182.277813999999978
0
LINE
8
BLACK
6
CONTINUOUS
10
79.0065199999999948
20
-182.277813999999978
11
79.1017579999999896
21
-182.1825759999999832
0
LINE
8
BLACK
6
CONTINUOUS
10
79.1017579999999896
20
-182.1825759999999832
11
79.2922339999999934
21
-182.0873379999999884
0
LINE
8
BLACK
6
CONTINUOUS
10
81.6731869999999986
20
-182.0873379999999884
11
81.2922339999999934
21
-182.0873379999999884
0
LINE
8
BLACK
6
CONTINUOUS
10
81.2922339999999934
20
-182.0873379999999884
11
81.1017579999999896
21
-182.1825759999999832
0
LINE
8
BLACK
6
CONTINUOUS
10
81.1017579999999896
20
-182.1825759999999832
11
81.0065199999999948
21
-182.277813999999978
0
LINE
8
BLACK
6
CONTINUOUS
10
81.0065199999999948
20
-182.277813999999978
11
80.8160439999999909
21
-182.5635279999999909
0
LINE
8
BLACK
6
CONTINUOUS
10
80.8160439999999909
20
-182.5635279999999909
11
80.7208059999999961
21
-182.9444799999999987
0
LINE
8
BLACK
6
CONTINUOUS
10
80.7208059999999961
20
-182.9444799999999987
11
80.7208059999999961
21
-183.7063849999999832
0
LINE
8
BLACK
6
CONTINUOUS
10
80.7208059999999961
20
-183.7063849999999832
11
80.8160439999999909
21
-183.8968610000000012
0
LINE
8
BLACK
6
CONTINUOUS
10
80.8160439999999909
20
-183.8968610000000012
11
80.9112819999999999
21
-183.9920999999999935
0
LINE
8
BLACK
6
CONTINUOUS
10
80.9112819999999999
20
-183.9920999999999935
11
81.1017579999999896
21
-184.0873379999999884
0
LINE
8
BLACK
6
CONTINUOUS
10
81.1017579999999896
20
-184.0873379999999884
11
81.4827109999999948
21
-184.0873379999999884
0
LINE
8
BLACK
6
CONTINUOUS
10
81.4827109999999948
20
-184.0873379999999884
11
81.6731869999999986
21
-183.9920999999999935
0
LINE
8
BLACK
6
CONTINUOUS
10
81.6731869999999986
20
-183.9920999999999935
11
81.7684249999999935
21
-183.8968610000000012
0
LINE
8
BLACK
6
CONTINUOUS
10
81.7684249999999935
20
-183.8968610000000012
11
81.8636630000000025
21
-183.7063849999999832
0
LINE
8
BLACK
6
CONTINUOUS
10
81.8636630000000025
20
-183.7063849999999832
11
81.8636630000000025
21
-183.2301949999999806
0
LINE
8
BLACK
6
CONTINUOUS
10
81.8636630000000025
20
-183.2301949999999806
11
81.7684249999999935
21
-183.039718999999991
0
LINE
8
BLACK
6
CONTINUOUS
10
81.7684249999999935
20
-183.039718999999991
11
81.6731869999999986
21
-182.9444799999999987
0
LINE
8
BLACK
6
CONTINUOUS
10
81.6731869999999986
20
-182.9444799999999987
11
81.4827109999999948
21
-182.8492420000000038
0
LINE
8
BLACK
6
CONTINUOUS
10
81.4827109999999948
20
-182.8492420000000038
11
81.1017579999999896
21
-182.8492420000000038
0
LINE
8
BLACK
6
CONTINUOUS
10
81.1017579999999896
20
-182.8492420000000038
11
80.9112819999999999
21
-182.9444799999999987
0
LINE
8
BLACK
6
CONTINUOUS
10
80.9112819999999999
20
-182.9444799999999987
11
80.8160439999999909
21
-183.039718999999991
0
LINE
8
BLACK
6
CONTINUOUS
10
80.8160439999999909
20
-183.039718999999991
11
80.7208059999999961
21
-183.2301949999999806
0
LINE
8
BLACK
6
CONTINUOUS
10
83.0065199999999948
20
-182.9444799999999987
11
82.8160439999999909
21
-182.8492420000000038
0
LINE
8
BLACK
6
CONTINUOUS
10
82.8160439999999909
20
-182.8492420000000038
11
82.7208059999999961
21
-182.7540039999999806
0
LINE
8
BLACK
6
CONTINUOUS
10
82.7208059999999961
20
-182.7540039999999806
11
82.6255680000000012
21
-182.5635279999999909
0
LINE
8
BLACK
6
CONTINUOUS
10
82.6255680000000012
20
-182.5635279999999909
11
82.6255680000000012
21
-182.4682899999999961
0
LINE
8
BLACK
6
CONTINUOUS
10
82.6255680000000012
20
-182.4682899999999961
11
82.7208059999999961
21
-182.277813999999978
0
LINE
8
BLACK
6
CONTINUOUS
10
82.7208059999999961
20
-182.277813999999978
11
82.8160439999999909
21
-182.1825759999999832
0
LINE
8
BLACK
6
CONTINUOUS
10
82.8160439999999909
20
-182.1825759999999832
11
83.0065199999999948
21
-182.0873379999999884
0
LINE
8
BLACK
6
CONTINUOUS
10
83.0065199999999948
20
-182.0873379999999884
11
83.387473
21
-182.0873379999999884
0
LINE
8
BLACK
6
CONTINUOUS
10
83.387473
20
-182.0873379999999884
11
83.5779489999999896
21
-182.1825759999999832
0
LINE
8
BLACK
6
CONTINUOUS
10
83.5779489999999896
20
-182.1825759999999832
11
83.6731869999999986
21
-182.277813999999978
0
LINE
8
BLACK
6
CONTINUOUS
10
83.6731869999999986
20
-182.277813999999978
11
83.7684249999999935
21
-182.4682899999999961
0
LINE
8
BLACK
6
CONTINUOUS
10
83.7684249999999935
20
-182.4682899999999961
11
83.7684249999999935
21
-182.5635279999999909
0
LINE
8
BLACK
6
CONTINUOUS
10
83.7684249999999935
20
-182.5635279999999909
11
83.6731869999999986
21
-182.7540039999999806
0
LINE
8
BLACK
6
CONTINUOUS
10
83.6731869999999986
20
-182.7540039999999806
11
83.5779489999999896
21
-182.8492420000000038
0
LINE
8
BLACK
6
CONTINUOUS
10
83.5779489999999896
20
-182.8492420000000038
11
83.387473
21
-182.9444799999999987
0
LINE
8
BLACK
6
CONTINUOUS
10
83.387473
20
-182.9444799999999987
11
83.0065199999999948
21
-182.9444799999999987
0
LINE
8
BLACK
6
CONTINUOUS
10
83.0065199999999948
20
-182.9444799999999987
11
82.8160439999999909
21
-183.039718999999991
0
LINE
8
BLACK
6
CONTINUOUS
10
82.8160439999999909
20
-183.039718999999991
11
82.7208059999999961
21
-183.1349569999999858
0
LINE
8
BLACK
6
CONTINUOUS
10
82.7208059999999961
20
-183.1349569999999858
11
82.6255680000000012
21
-183.3254330000000039
0
LINE
8
BLACK
6
CONTINUOUS
10
82.6255680000000012
20
-183.3254330000000039
11
82.6255680000000012
21
-183.7063849999999832
0
LINE
8
BLACK
6
CONTINUOUS
10
82.6255680000000012
20
-183.7063849999999832
11
82.7208059999999961
21
-183.8968610000000012
0
LINE
8
BLACK
6
CONTINUOUS
10
82.7208059999999961
20
-183.8968610000000012
11
82.8160439999999909
21
-183.9920999999999935
0
LINE
8
BLACK
6
CONTINUOUS
10
82.8160439999999909
20
-183.9920999999999935
11
83.0065199999999948
21
-184.0873379999999884
0
LINE
8
BLACK
6
CONTINUOUS
10
83.0065199999999948
20
-184.0873379999999884
11
83.387473
21
-184.0873379999999884
0
LINE
8
BLACK
6
CONTINUOUS
10
83.387473
20
-184.0873379999999884
11
83.5779489999999896
21
-183.9920999999999935
0
LINE
8
BLACK
6
CONTINUOUS
10
83.5779489999999896
20
-183.9920999999999935
11
83.6731869999999986
21
-183.8968610000000012
0
LINE
8
BLACK
6
CONTINUOUS
10
83.6731869999999986
20
-183.8968610000000012
11
83.7684249999999935
21
-183.7063849999999832
0
LINE
8
BLACK
6
CONTINUOUS
10
83.7684249999999935
20
-183.7063849999999832
11
83.7684249999999935
21
-183.3254330000000039
0
LINE
8
BLACK
6
CONTINUOUS
10
83.7684249999999935
20
-183.3254330000000039
11
83.6731869999999986
21
-183.1349569999999858
0
LINE
8
BLACK
6
CONTINUOUS
10
83.6731869999999986
20
-183.1349569999999858
11
83.5779489999999896
21
-183.039718999999991
0
LINE
8
BLACK
6
CONTINUOUS
10
83.5779489999999896
20
-183.039718999999991
11
83.387473
21
-182.9444799999999987
0
LINE
8
BLACK
6
CONTINUOUS
10
84.7208059999999961
20
-184.0873379999999884
11
85.1017579999999896
21
-184.0873379999999884
0
LINE
8
BLACK
6
CONTINUOUS
10
85.1017579999999896
20
-184.0873379999999884
11
85.2922349999999909
21
-183.9920999999999935
0
LINE
8
BLACK
6
CONTINUOUS
10
85.2922349999999909
20
-183.9920999999999935
11
85.387473
21
-183.8968610000000012
0
LINE
8
BLACK
6
CONTINUOUS
10
85.387473
20
-183.8968610000000012
11
85.5779489999999896
21
-183.6111469999999883
0
LINE
8
BLACK
6
CONTINUOUS
10
85.5779489999999896
20
-183.6111469999999883
11
85.6731869999999986
21
-183.2301949999999806
0
LINE
8
BLACK
6
CONTINUOUS
10
85.6731869999999986
20
-183.2301949999999806
11
85.6731869999999986
21
-182.4682899999999961
0
LINE
8
BLACK
6
CONTINUOUS
10
85.6731869999999986
20
-182.4682899999999961
11
85.5779489999999896
21
-182.277813999999978
0
LINE
8
BLACK
6
CONTINUOUS
10
85.5779489999999896
20
-182.277813999999978
11
85.4827109999999948
21
-182.1825759999999832
0
LINE
8
BLACK
6
CONTINUOUS
10
85.4827109999999948
20
-182.1825759999999832
11
85.2922349999999909
21
-182.0873379999999884
0
LINE
8
BLACK
6
CONTINUOUS
10
85.2922349999999909
20
-182.0873379999999884
11
84.9112819999999999
21
-182.0873379999999884
0
LINE
8
BLACK
6
CONTINUOUS
10
84.9112819999999999
20
-182.0873379999999884
11
84.7208059999999961
21
-182.1825759999999832
0
LINE
8
BLACK
6
CONTINUOUS
10
84.7208059999999961
20
-182.1825759999999832
11
84.6255680000000012
21
-182.277813999999978
0
LINE
8
BLACK
6
CONTINUOUS
10
84.6255680000000012
20
-182.277813999999978
11
84.5303299999999922
21
-182.4682899999999961
0
LINE
8
BLACK
6
CONTINUOUS
10
84.5303299999999922
20
-182.4682899999999961
11
84.5303299999999922
21
-182.9444799999999987
0
LINE
8
BLACK
6
CONTINUOUS
10
84.5303299999999922
20
-182.9444799999999987
11
84.6255680000000012
21
-183.1349569999999858
0
LINE
8
BLACK
6
CONTINUOUS
10
84.6255680000000012
20
-183.1349569999999858
11
84.7208059999999961
21
-183.2301949999999806
0
LINE
8
BLACK
6
CONTINUOUS
10
84.7208059999999961
20
-183.2301949999999806
11
84.9112819999999999
21
-183.3254330000000039
0
LINE
8
BLACK
6
CONTINUOUS
10
84.9112819999999999
20
-183.3254330000000039
11
85.2922349999999909
21
-183.3254330000000039
0
LINE
8
BLACK
6
CONTINUOUS
10
85.2922349999999909
20
-183.3254330000000039
11
85.4827109999999948
21
-183.2301949999999806
0
LINE
8
BLACK
6
CONTINUOUS
10
85.4827109999999948
20
-183.2301949999999806
11
85.5779489999999896
21
-183.1349569999999858
0
LINE
8
BLACK
6
CONTINUOUS
10
85.5779489999999896
20
-183.1349569999999858
11
85.6731869999999986
21
-182.9444799999999987
0
LINE
8
BLACK
6
CONTINUOUS
10
86.4350919999999974
20
-182.0873379999999884
11
86.4350919999999974
21
-182.4682899999999961
0
LINE
8
BLACK
6
CONTINUOUS
10
87.1969969999999961
20
-182.0873379999999884
11
87.1969969999999961
21
-182.4682899999999961
0
LINE
8
BLACK
6
CONTINUOUS
10
90.1493789999999962
20
-184.8492420000000038
11
90.0541399999999896
21
-184.7540039999999806
0
LINE
8
BLACK
6
CONTINUOUS
10
90.0541399999999896
20
-184.7540039999999806
11
89.863664
21
-184.4682899999999961
0
LINE
8
BLACK
6
CONTINUOUS
10
89.863664
20
-184.4682899999999961
11
89.7684259999999909
21
-184.277813999999978
0
LINE
8
BLACK
6
CONTINUOUS
10
89.7684259999999909
20
-184.277813999999978
11
89.6731879999999961
21
-183.9920999999999935
0
LINE
8
BLACK
6
CONTINUOUS
10
89.6731879999999961
20
-183.9920999999999935
11
89.5779500000000013
21
-183.5159089999999935
0
LINE
8
BLACK
6
CONTINUOUS
10
89.5779500000000013
20
-183.5159089999999935
11
89.5779500000000013
21
-183.1349569999999858
0
LINE
8
BLACK
6
CONTINUOUS
10
89.5779500000000013
20
-183.1349569999999858
11
89.6731879999999961
21
-182.6587659999999858
0
LINE
8
BLACK
6
CONTINUOUS
10
89.6731879999999961
20
-182.6587659999999858
11
89.7684259999999909
21
-182.3730520000000013
0
LINE
8
BLACK
6
CONTINUOUS
10
89.7684259999999909
20
-182.3730520000000013
11
89.863664
21
-182.1825759999999832
0
LINE
8
BLACK
6
CONTINUOUS
10
89.863664
20
-182.1825759999999832
11
90.0541399999999896
21
-181.8968610000000012
0
LINE
8
BLACK
6
CONTINUOUS
10
90.0541399999999896
20
-181.8968610000000012
11
90.1493789999999962
21
-181.801622999999978
0
LINE
8
BLACK
6
CONTINUOUS
10
91.9589019999999948
20
-184.0873379999999884
11
90.8160450000000026
21
-184.0873379999999884
0
LINE
8
BLACK
6
CONTINUOUS
10
91.387473
20
-184.0873379999999884
11
91.387473
21
-182.0873379999999884
0
LINE
8
BLACK
6
CONTINUOUS
10
91.387473
20
-182.0873379999999884
11
91.1969969999999961
21
-182.3730520000000013
0
LINE
8
BLACK
6
CONTINUOUS
10
91.1969969999999961
20
-182.3730520000000013
11
91.0065209999999922
21
-182.5635279999999909
0
LINE
8
BLACK
6
CONTINUOUS
10
91.0065209999999922
20
-182.5635279999999909
11
90.8160450000000026
21
-182.6587659999999858
0
LINE
8
BLACK
6
CONTINUOUS
10
93.1969969999999961
20
-182.0873379999999884
11
93.3874739999999974
21
-182.0873379999999884
0
LINE
8
BLACK
6
CONTINUOUS
10
93.3874739999999974
20
-182.0873379999999884
11
93.5779500000000013
21
-182.1825759999999832
0
LINE
8
BLACK
6
CONTINUOUS
10
93.5779500000000013
20
-182.1825759999999832
11
93.6731879999999961
21
-182.277813999999978
0
LINE
8
BLACK
6
CONTINUOUS
10
93.6731879999999961
20
-182.277813999999978
11
93.7684259999999909
21
-182.4682899999999961
0
LINE
8
BLACK
6
CONTINUOUS
10
93.7684259999999909
20
-182.4682899999999961
11
93.863664
21
-182.8492420000000038
0
LINE
8
BLACK
6
CONTINUOUS
10
93.863664
20
-182.8492420000000038
11
93.863664
21
-183.3254330000000039
0
LINE
8
BLACK
6
CONTINUOUS
10
93.863664
20
-183.3254330000000039
11
93.7684259999999909
21
-183.7063849999999832
0
LINE
8
BLACK
6
CONTINUOUS
10
93.7684259999999909
20
-183.7063849999999832
11
93.6731879999999961
21
-183.8968610000000012
0
LINE
8
BLACK
6
CONTINUOUS
10
93.6731879999999961
20
-183.8968610000000012
11
93.5779500000000013
21
-183.9920999999999935
0
LINE
8
BLACK
6
CONTINUOUS
10
93.5779500000000013
20
-183.9920999999999935
11
93.3874739999999974
21
-184.0873379999999884
0
LINE
8
BLACK
6
CONTINUOUS
10
93.3874739999999974
20
-184.0873379999999884
11
93.1969969999999961
21
-184.0873379999999884
0
LINE
8
BLACK
6
CONTINUOUS
10
93.1969969999999961
20
-184.0873379999999884
11
93.0065209999999922
21
-183.9920999999999935
0
LINE
8
BLACK
6
CONTINUOUS
10
93.0065209999999922
20
-183.9920999999999935
11
92.9112829999999974
21
-183.8968610000000012
0
LINE
8
BLACK
6
CONTINUOUS
10
92.9112829999999974
20
-183.8968610000000012
11
92.8160450000000026
21
-183.7063849999999832
0
LINE
8
BLACK
6
CONTINUOUS
10
92.8160450000000026
20
-183.7063849999999832
11
92.7208069999999935
21
-183.3254330000000039
0
LINE
8
BLACK
6
CONTINUOUS
10
92.7208069999999935
20
-183.3254330000000039
11
92.7208069999999935
21
-182.8492420000000038
0
LINE
8
BLACK
6
CONTINUOUS
10
92.7208069999999935
20
-182.8492420000000038
11
92.8160450000000026
21
-182.4682899999999961
0
LINE
8
BLACK
6
CONTINUOUS
10
92.8160450000000026
20
-182.4682899999999961
11
92.9112829999999974
21
-182.277813999999978
0
LINE
8
BLACK
6
CONTINUOUS
10
92.9112829999999974
20
-182.277813999999978
11
93.0065209999999922
21
-182.1825759999999832
0
LINE
8
BLACK
6
CONTINUOUS
10
93.0065209999999922
20
-182.1825759999999832
11
93.1969969999999961
21
-182.0873379999999884
0
LINE
8
BLACK
6
CONTINUOUS
10
95.0065209999999922
20
-182.9444799999999987
11
94.8160450000000026
21
-182.8492420000000038
0
LINE
8
BLACK
6
CONTINUOUS
10
94.8160450000000026
20
-182.8492420000000038
11
94.7208069999999935
21
-182.7540039999999806
0
LINE
8
BLACK
6
CONTINUOUS
10
94.7208069999999935
20
-182.7540039999999806
11
94.6255689999999987
21
-182.5635279999999909
0
LINE
8
BLACK
6
CONTINUOUS
10
94.6255689999999987
20
-182.5635279999999909
11
94.6255689999999987
21
-182.4682899999999961
0
LINE
8
BLACK
6
CONTINUOUS
10
94.6255689999999987
20
-182.4682899999999961
11
94.7208069999999935
21
-182.277813999999978
0
LINE
8
BLACK
6
CONTINUOUS
10
94.7208069999999935
20
-182.277813999999978
11
94.8160450000000026
21
-182.1825759999999832
0
LINE
8
BLACK
6
CONTINUOUS
10
94.8160450000000026
20
-182.1825759999999832
11
95.0065209999999922
21
-182.0873379999999884
0
LINE
8
BLACK
6
CONTINUOUS
10
95.0065209999999922
20
-182.0873379999999884
11
95.3874739999999974
21
-182.0873379999999884
0
LINE
8
BLACK
6
CONTINUOUS
10
95.3874739999999974
20
-182.0873379999999884
11
95.5779500000000013
21
-182.1825759999999832
0
LINE
8
BLACK
6
CONTINUOUS
10
95.5779500000000013
20
-182.1825759999999832
11
95.6731879999999961
21
-182.277813999999978
0
LINE
8
BLACK
6
CONTINUOUS
10
95.6731879999999961
20
-182.277813999999978
11
95.7684259999999909
21
-182.4682899999999961
0
LINE
8
BLACK
6
CONTINUOUS
10
95.7684259999999909
20
-182.4682899999999961
11
95.7684259999999909
21
-182.5635279999999909
0
LINE
8
BLACK
6
CONTINUOUS
10
95.7684259999999909
20
-182.5635279999999909
11
95.6731879999999961
21
-182.7540039999999806
0
LINE
8
BLACK
6
CONTINUOUS
10
95.6731879999999961
20
-182.7540039999999806
11
95.5779500000000013
21
-182.8492420000000038
0
LINE
8
BLACK
6
CONTINUOUS
10
95.5779500000000013
20
-182.8492420000000038
11
95.3874739999999974
21
-182.9444799999999987
0
LINE
8
BLACK
6
CONTINUOUS
10
95.3874739999999974
20
-182.9444799999999987
11
95.0065209999999922
21
-182.9444799999999987
0
LINE
8
BLACK
6
CONTINUOUS
10
95.0065209999999922
20
-182.9444799999999987
11
94.8160450000000026
21
-183.039718999999991
0
LINE
8
BLACK
6
CONTINUOUS
10
94.8160450000000026
20
-183.039718999999991
11
94.7208069999999935
21
-183.1349569999999858
0
LINE
8
BLACK
6
CONTINUOUS
10
94.7208069999999935
20
-183.1349569999999858
11
94.6255689999999987
21
-183.3254330000000039
0
LINE
8
BLACK
6
CONTINUOUS
10
94.6255689999999987
20
-183.3254330000000039
11
94.6255689999999987
21
-183.7063849999999832
0
LINE
8
BLACK
6
CONTINUOUS
10
94.6255689999999987
20
-183.7063849999999832
11
94.7208069999999935
21
-183.8968610000000012
0
LINE
8
BLACK
6
CONTINUOUS
10
94.7208069999999935
20
-183.8968610000000012
11
94.8160450000000026
21
-183.9920999999999935
0
LINE
8
BLACK
6
CONTINUOUS
10
94.8160450000000026
20
-183.9920999999999935
11
95.0065209999999922
21
-184.0873379999999884
0
LINE
8
BLACK
6
CONTINUOUS
10
95.0065209999999922
20
-184.0873379999999884
11
95.3874739999999974
21
-184.0873379999999884
0
LINE
8
BLACK
6
CONTINUOUS
10
95.3874739999999974
20
-184.0873379999999884
11
95.5779500000000013
21
-183.9920999999999935
0
LINE
8
BLACK
6
CONTINUOUS
10
95.5779500000000013
20
-183.9920999999999935
11
95.6731879999999961
21
-183.8968610000000012
0
LINE
8
BLACK
6
CONTINUOUS
10
95.6731879999999961
20
-183.8968610000000012
11
95.7684259999999909
21
-183.7063849999999832
0
LINE
8
BLACK
6
CONTINUOUS
10
95.7684259999999909
20
-183.7063849999999832
11
95.7684259999999909
21
-183.3254330000000039
0
LINE
8
BLACK
6
CONTINUOUS
10
95.7684259999999909
20
-183.3254330000000039
11
95.6731879999999961
21
-183.1349569999999858
0
LINE
8
BLACK
6
CONTINUOUS
10
95.6731879999999961
20
-183.1349569999999858
11
95.5779500000000013
21
-183.039718999999991
0
LINE
8
BLACK
6
CONTINUOUS
10
95.5779500000000013
20
-183.039718999999991
11
95.3874739999999974
21
-182.9444799999999987
0
LINE
8
BLACK
6
CONTINUOUS
10
98.1493789999999962
20
-184.0873379999999884
11
98.1493789999999962
21
-182.0873379999999884
0
LINE
8
BLACK
6
CONTINUOUS
10
99.0065219999999897
20
-184.0873379999999884
11
99.0065219999999897
21
-183.039718999999991
0
LINE
8
BLACK
6
CONTINUOUS
10
99.0065219999999897
20
-183.039718999999991
11
98.9112839999999949
21
-182.8492420000000038
0
LINE
8
BLACK
6
CONTINUOUS
10
98.9112839999999949
20
-182.8492420000000038
11
98.720807999999991
21
-182.7540039999999806
0
LINE
8
BLACK
6
CONTINUOUS
10
98.720807999999991
20
-182.7540039999999806
11
98.4350929999999948
21
-182.7540039999999806
0
LINE
8
BLACK
6
CONTINUOUS
10
98.4350929999999948
20
-182.7540039999999806
11
98.244616999999991
21
-182.8492420000000038
0
LINE
8
BLACK
6
CONTINUOUS
10
98.244616999999991
20
-182.8492420000000038
11
98.1493789999999962
21
-182.9444799999999987
0
LINE
8
BLACK
6
CONTINUOUS
10
100.244616999999991
20
-184.0873379999999884
11
100.0541410000000013
21
-183.9920999999999935
0
LINE
8
BLACK
6
CONTINUOUS
10
100.0541410000000013
20
-183.9920999999999935
11
99.9589029999999923
21
-183.8968610000000012
0
LINE
8
BLACK
6
CONTINUOUS
10
99.9589029999999923
20
-183.8968610000000012
11
99.8636649999999975
21
-183.7063849999999832
0
LINE
8
BLACK
6
CONTINUOUS
10
99.8636649999999975
20
-183.7063849999999832
11
99.8636649999999975
21
-183.1349569999999858
0
LINE
8
BLACK
6
CONTINUOUS
10
99.8636649999999975
20
-183.1349569999999858
11
99.9589029999999923
21
-182.9444799999999987
0
LINE
8
BLACK
6
CONTINUOUS
10
99.9589029999999923
20
-182.9444799999999987
11
100.0541410000000013
21
-182.8492420000000038
0
LINE
8
BLACK
6
CONTINUOUS
10
100.0541410000000013
20
-182.8492420000000038
11
100.244616999999991
21
-182.7540039999999806
0
LINE
8
BLACK
6
CONTINUOUS
10
100.244616999999991
20
-182.7540039999999806
11
100.5303320000000014
21
-182.7540039999999806
0
LINE
8
BLACK
6
CONTINUOUS
10
100.5303320000000014
20
-182.7540039999999806
11
100.720807999999991
21
-182.8492420000000038
0
LINE
8
BLACK
6
CONTINUOUS
10
100.720807999999991
20
-182.8492420000000038
11
100.816046
21
-182.9444799999999987
0
LINE
8
BLACK
6
CONTINUOUS
10
100.816046
20
-182.9444799999999987
11
100.9112839999999949
21
-183.1349569999999858
0
LINE
8
BLACK
6
CONTINUOUS
10
100.9112839999999949
20
-183.1349569999999858
11
100.9112839999999949
21
-183.7063849999999832
0
LINE
8
BLACK
6
CONTINUOUS
10
100.9112839999999949
20
-183.7063849999999832
11
100.816046
21
-183.8968610000000012
0
LINE
8
BLACK
6
CONTINUOUS
10
100.816046
20
-183.8968610000000012
11
100.720807999999991
21
-183.9920999999999935
0
LINE
8
BLACK
6
CONTINUOUS
10
100.720807999999991
20
-183.9920999999999935
11
100.5303320000000014
21
-184.0873379999999884
0
LINE
8
BLACK
6
CONTINUOUS
10
100.5303320000000014
20
-184.0873379999999884
11
100.244616999999991
21
-184.0873379999999884
0
LINE
8
BLACK
6
CONTINUOUS
10
102.0541410000000013
20
-184.0873379999999884
11
101.8636649999999975
21
-183.9920999999999935
0
LINE
8
BLACK
6
CONTINUOUS
10
101.8636649999999975
20
-183.9920999999999935
11
101.7684269999999884
21
-183.801622999999978
0
LINE
8
BLACK
6
CONTINUOUS
10
101.7684269999999884
20
-183.801622999999978
11
101.7684269999999884
21
-182.0873379999999884
0
LINE
8
BLACK
6
CONTINUOUS
10
103.5779509999999988
20
-183.9920999999999935
11
103.3874749999999949
21
-184.0873379999999884
0
LINE
8
BLACK
6
CONTINUOUS
10
103.3874749999999949
20
-184.0873379999999884
11
103.0065219999999897
21
-184.0873379999999884
0
LINE
8
BLACK
6
CONTINUOUS
10
103.0065219999999897
20
-184.0873379999999884
11
102.816046
21
-183.9920999999999935
0
LINE
8
BLACK
6
CONTINUOUS
10
102.816046
20
-183.9920999999999935
11
102.720807999999991
21
-183.801622999999978
0
LINE
8
BLACK
6
CONTINUOUS
10
102.720807999999991
20
-183.801622999999978
11
102.720807999999991
21
-183.039718999999991
0
LINE
8
BLACK
6
CONTINUOUS
10
102.720807999999991
20
-183.039718999999991
11
102.816046
21
-182.8492420000000038
0
LINE
8
BLACK
6
CONTINUOUS
10
102.816046
20
-182.8492420000000038
11
103.0065219999999897
21
-182.7540039999999806
0
LINE
8
BLACK
6
CONTINUOUS
10
103.0065219999999897
20
-182.7540039999999806
11
103.3874749999999949
21
-182.7540039999999806
0
LINE
8
BLACK
6
CONTINUOUS
10
103.3874749999999949
20
-182.7540039999999806
11
103.5779509999999988
21
-182.8492420000000038
0
LINE
8
BLACK
6
CONTINUOUS
10
103.5779509999999988
20
-182.8492420000000038
11
103.6731889999999936
21
-183.039718999999991
0
LINE
8
BLACK
6
CONTINUOUS
10
103.6731889999999936
20
-183.039718999999991
11
103.6731889999999936
21
-183.2301949999999806
0
LINE
8
BLACK
6
CONTINUOUS
10
103.6731889999999936
20
-183.2301949999999806
11
102.720807999999991
21
-183.4206709999999987
0
LINE
8
BLACK
6
CONTINUOUS
10
104.4350939999999923
20
-183.9920999999999935
11
104.6255699999999962
21
-184.0873379999999884
0
LINE
8
BLACK
6
CONTINUOUS
10
104.6255699999999962
20
-184.0873379999999884
11
105.0065219999999897
21
-184.0873379999999884
0
LINE
8
BLACK
6
CONTINUOUS
10
105.0065219999999897
20
-184.0873379999999884
11
105.196998999999991
21
-183.9920999999999935
0
LINE
8
BLACK
6
CONTINUOUS
10
105.196998999999991
20
-183.9920999999999935
11
105.2922370000000001
21
-183.801622999999978
0
LINE
8
BLACK
6
CONTINUOUS
10
105.2922370000000001
20
-183.801622999999978
11
105.2922370000000001
21
-183.7063849999999832
0
LINE
8
BLACK
6
CONTINUOUS
10
105.2922370000000001
20
-183.7063849999999832
11
105.196998999999991
21
-183.5159089999999935
0
LINE
8
BLACK
6
CONTINUOUS
10
105.196998999999991
20
-183.5159089999999935
11
105.0065219999999897
21
-183.4206709999999987
0
LINE
8
BLACK
6
CONTINUOUS
10
105.0065219999999897
20
-183.4206709999999987
11
104.720807999999991
21
-183.4206709999999987
0
LINE
8
BLACK
6
CONTINUOUS
10
104.720807999999991
20
-183.4206709999999987
11
104.5303320000000014
21
-183.3254330000000039
0
LINE
8
BLACK
6
CONTINUOUS
10
104.5303320000000014
20
-183.3254330000000039
11
104.4350939999999923
21
-183.1349569999999858
0
LINE
8
BLACK
6
CONTINUOUS
10
104.4350939999999923
20
-183.1349569999999858
11
104.4350939999999923
21
-183.039718999999991
0
LINE
8
BLACK
6
CONTINUOUS
10
104.4350939999999923
20
-183.039718999999991
11
104.5303320000000014
21
-182.8492420000000038
0
LINE
8
BLACK
6
CONTINUOUS
10
104.5303320000000014
20
-182.8492420000000038
11
104.720807999999991
21
-182.7540039999999806
0
LINE
8
BLACK
6
CONTINUOUS
10
104.720807999999991
20
-182.7540039999999806
11
105.0065219999999897
21
-182.7540039999999806
0
LINE
8
BLACK
6
CONTINUOUS
10
105.0065219999999897
20
-182.7540039999999806
11
105.196998999999991
21
-182.8492420000000038
0
LINE
8
BLACK
6
CONTINUOUS
10
105.9589039999999898
20
-184.8492420000000038
11
106.0541419999999988
21
-184.7540039999999806
0
LINE
8
BLACK
6
CONTINUOUS
10
106.0541419999999988
20
-184.7540039999999806
11
106.2446179999999885
21
-184.4682899999999961
0
LINE
8
BLACK
6
CONTINUOUS
10
106.2446179999999885
20
-184.4682899999999961
11
106.3398559999999975
21
-184.277813999999978
0
LINE
8
BLACK
6
CONTINUOUS
10
106.3398559999999975
20
-184.277813999999978
11
106.4350939999999923
21
-183.9920999999999935
0
LINE
8
BLACK
6
CONTINUOUS
10
106.4350939999999923
20
-183.9920999999999935
11
106.5303320000000014
21
-183.5159089999999935
0
LINE
8
BLACK
6
CONTINUOUS
10
106.5303320000000014
20
-183.5159089999999935
11
106.5303320000000014
21
-183.1349569999999858
0
LINE
8
BLACK
6
CONTINUOUS
10
106.5303320000000014
20
-183.1349569999999858
11
106.4350939999999923
21
-182.6587659999999858
0
LINE
8
BLACK
6
CONTINUOUS
10
106.4350939999999923
20
-182.6587659999999858
11
106.3398559999999975
21
-182.3730520000000013
0
LINE
8
BLACK
6
CONTINUOUS
10
106.3398559999999975
20
-182.3730520000000013
11
106.2446179999999885
21
-182.1825759999999832
0
LINE
8
BLACK
6
CONTINUOUS
10
106.2446179999999885
20
-182.1825759999999832
11
106.0541419999999988
21
-181.8968610000000012
0
LINE
8
BLACK
6
CONTINUOUS
10
106.0541419999999988
20
-181.8968610000000012
11
105.9589039999999898
21
-181.801622999999978
0
LINE
8
BLACK
6
CONTINUOUS
10
109.5779519999999962
20
-184.8492420000000038
11
109.4827129999999897
21
-184.7540039999999806
0
LINE
8
BLACK
6
CONTINUOUS
10
109.4827129999999897
20
-184.7540039999999806
11
109.2922370000000001
21
-184.4682899999999961
0
LINE
8
BLACK
6
CONTINUOUS
10
109.2922370000000001
20
-184.4682899999999961
11
109.196998999999991
21
-184.277813999999978
0
LINE
8
BLACK
6
CONTINUOUS
10
109.196998999999991
20
-184.277813999999978
11
109.1017609999999962
21
-183.9920999999999935
0
LINE
8
BLACK
6
CONTINUOUS
10
109.1017609999999962
20
-183.9920999999999935
11
109.0065230000000014
21
-183.5159089999999935
0
LINE
8
BLACK
6
CONTINUOUS
10
109.0065230000000014
20
-183.5159089999999935
11
109.0065230000000014
21
-183.1349569999999858
0
LINE
8
BLACK
6
CONTINUOUS
10
109.0065230000000014
20
-183.1349569999999858
11
109.1017609999999962
21
-182.6587659999999858
0
LINE
8
BLACK
6
CONTINUOUS
10
109.1017609999999962
20
-182.6587659999999858
11
109.196998999999991
21
-182.3730520000000013
0
LINE
8
BLACK
6
CONTINUOUS
10
109.196998999999991
20
-182.3730520000000013
11
109.2922370000000001
21
-182.1825759999999832
0
LINE
8
BLACK
6
CONTINUOUS
10
109.2922370000000001
20
-182.1825759999999832
11
109.4827129999999897
21
-181.8968610000000012
0
LINE
8
BLACK
6
CONTINUOUS
10
109.4827129999999897
20
-181.8968610000000012
11
109.5779519999999962
21
-181.801622999999978
0
LINE
8
BLACK
6
CONTINUOUS
10
110.3398559999999975
20
-182.7540039999999806
11
110.3398559999999975
21
-184.0873379999999884
0
LINE
8
BLACK
6
CONTINUOUS
10
110.3398559999999975
20
-182.9444799999999987
11
110.4350939999999923
21
-182.8492420000000038
0
LINE
8
BLACK
6
CONTINUOUS
10
110.4350939999999923
20
-182.8492420000000038
11
110.6255699999999962
21
-182.7540039999999806
0
LINE
8
BLACK
6
CONTINUOUS
10
110.6255699999999962
20
-182.7540039999999806
11
110.9112849999999924
21
-182.7540039999999806
0
LINE
8
BLACK
6
CONTINUOUS
10
110.9112849999999924
20
-182.7540039999999806
11
111.1017609999999962
21
-182.8492420000000038
0
LINE
8
BLACK
6
CONTINUOUS
10
111.1017609999999962
20
-182.8492420000000038
11
111.196998999999991
21
-183.039718999999991
0
LINE
8
BLACK
6
CONTINUOUS
10
111.196998999999991
20
-183.039718999999991
11
111.196998999999991
21
-184.0873379999999884
0
LINE
8
BLACK
6
CONTINUOUS
10
112.4350939999999923
20
-184.0873379999999884
11
112.2446179999999885
21
-183.9920999999999935
0
LINE
8
BLACK
6
CONTINUOUS
10
112.2446179999999885
20
-183.9920999999999935
11
112.1493799999999936
21
-183.8968610000000012
0
LINE
8
BLACK
6
CONTINUOUS
10
112.1493799999999936
20
-183.8968610000000012
11
112.0541419999999988
21
-183.7063849999999832
0
LINE
8
BLACK
6
CONTINUOUS
10
112.0541419999999988
20
-183.7063849999999832
11
112.0541419999999988
21
-183.1349569999999858
0
LINE
8
BLACK
6
CONTINUOUS
10
112.0541419999999988
20
-183.1349569999999858
11
112.1493799999999936
21
-182.9444799999999987
0
LINE
8
BLACK
6
CONTINUOUS
10
112.1493799999999936
20
-182.9444799999999987
11
112.2446179999999885
21
-182.8492420000000038
0
LINE
8
BLACK
6
CONTINUOUS
10
112.2446179999999885
20
-182.8492420000000038
11
112.4350939999999923
21
-182.7540039999999806
0
LINE
8
BLACK
6
CONTINUOUS
10
112.4350939999999923
20
-182.7540039999999806
11
112.7208089999999885
21
-182.7540039999999806
0
LINE
8
BLACK
6
CONTINUOUS
10
112.7208089999999885
20
-182.7540039999999806
11
112.9112849999999924
21
-182.8492420000000038
0
LINE
8
BLACK
6
CONTINUOUS
10
112.9112849999999924
20
-182.8492420000000038
11
113.0065230000000014
21
-182.9444799999999987
0
LINE
8
BLACK
6
CONTINUOUS
10
113.0065230000000014
20
-182.9444799999999987
11
113.1017609999999962
21
-183.1349569999999858
0
LINE
8
BLACK
6
CONTINUOUS
10
113.1017609999999962
20
-183.1349569999999858
11
113.1017609999999962
21
-183.7063849999999832
0
LINE
8
BLACK
6
CONTINUOUS
10
113.1017609999999962
20
-183.7063849999999832
11
113.0065230000000014
21
-183.8968610000000012
0
LINE
8
BLACK
6
CONTINUOUS
10
113.0065230000000014
20
-183.8968610000000012
11
112.9112849999999924
21
-183.9920999999999935
0
LINE
8
BLACK
6
CONTINUOUS
10
112.9112849999999924
20
-183.9920999999999935
11
112.7208089999999885
21
-184.0873379999999884
0
LINE
8
BLACK
6
CONTINUOUS
10
112.7208089999999885
20
-184.0873379999999884
11
112.4350939999999923
21
-184.0873379999999884
0
LINE
8
BLACK
6
CONTINUOUS
10
113.6731899999999911
20
-182.7540039999999806
11
114.4350939999999923
21
-182.7540039999999806
0
LINE
8
BLACK
6
CONTINUOUS
10
113.9589039999999898
20
-182.0873379999999884
11
113.9589039999999898
21
-183.801622999999978
0
LINE
8
BLACK
6
CONTINUOUS
10
113.9589039999999898
20
-183.801622999999978
11
114.0541419999999988
21
-183.9920999999999935
0
LINE
8
BLACK
6
CONTINUOUS
10
114.0541419999999988
20
-183.9920999999999935
11
114.2446179999999885
21
-184.0873379999999884
0
LINE
8
BLACK
6
CONTINUOUS
10
114.2446179999999885
20
-184.0873379999999884
11
114.4350939999999923
21
-184.0873379999999884
0
LINE
8
BLACK
6
CONTINUOUS
10
116.6255709999999937
20
-182.7540039999999806
11
116.6255709999999937
21
-184.7540039999999806
0
LINE
8
BLACK
6
CONTINUOUS
10
116.6255709999999937
20
-182.8492420000000038
11
116.8160469999999975
21
-182.7540039999999806
0
LINE
8
BLACK
6
CONTINUOUS
10
116.8160469999999975
20
-182.7540039999999806
11
117.1969999999999885
21
-182.7540039999999806
0
LINE
8
BLACK
6
CONTINUOUS
10
117.1969999999999885
20
-182.7540039999999806
11
117.3874759999999924
21
-182.8492420000000038
0
LINE
8
BLACK
6
CONTINUOUS
10
117.3874759999999924
20
-182.8492420000000038
11
117.4827140000000014
21
-182.9444799999999987
0
LINE
8
BLACK
6
CONTINUOUS
10
117.4827140000000014
20
-182.9444799999999987
11
117.5779519999999962
21
-183.1349569999999858
0
LINE
8
BLACK
6
CONTINUOUS
10
117.5779519999999962
20
-183.1349569999999858
11
117.5779519999999962
21
-183.7063849999999832
0
LINE
8
BLACK
6
CONTINUOUS
10
117.5779519999999962
20
-183.7063849999999832
11
117.4827140000000014
21
-183.8968610000000012
0
LINE
8
BLACK
6
CONTINUOUS
10
117.4827140000000014
20
-183.8968610000000012
11
117.3874759999999924
21
-183.9920999999999935
0
LINE
8
BLACK
6
CONTINUOUS
10
117.3874759999999924
20
-183.9920999999999935
11
117.1969999999999885
21
-184.0873379999999884
0
LINE
8
BLACK
6
CONTINUOUS
10
117.1969999999999885
20
-184.0873379999999884
11
116.8160469999999975
21
-184.0873379999999884
0
LINE
8
BLACK
6
CONTINUOUS
10
116.8160469999999975
20
-184.0873379999999884
11
116.6255709999999937
21
-183.9920999999999935
0
LINE
8
BLACK
6
CONTINUOUS
10
118.7208089999999885
20
-184.0873379999999884
11
118.5303329999999988
21
-183.9920999999999935
0
LINE
8
BLACK
6
CONTINUOUS
10
118.5303329999999988
20
-183.9920999999999935
11
118.4350949999999898
21
-183.801622999999978
0
LINE
8
BLACK
6
CONTINUOUS
10
118.4350949999999898
20
-183.801622999999978
11
118.4350949999999898
21
-182.0873379999999884
0
LINE
8
BLACK
6
CONTINUOUS
10
120.339856999999995
20
-184.0873379999999884
11
120.339856999999995
21
-183.039718999999991
0
LINE
8
BLACK
6
CONTINUOUS
10
120.339856999999995
20
-183.039718999999991
11
120.2446190000000001
21
-182.8492420000000038
0
LINE
8
BLACK
6
CONTINUOUS
10
120.2446190000000001
20
-182.8492420000000038
11
120.0541429999999963
21
-182.7540039999999806
0
LINE
8
BLACK
6
CONTINUOUS
10
120.0541429999999963
20
-182.7540039999999806
11
119.6731899999999911
21
-182.7540039999999806
0
LINE
8
BLACK
6
CONTINUOUS
10
119.6731899999999911
20
-182.7540039999999806
11
119.4827140000000014
21
-182.8492420000000038
0
LINE
8
BLACK
6
CONTINUOUS
10
120.339856999999995
20
-183.9920999999999935
11
120.1493809999999911
21
-184.0873379999999884
0
LINE
8
BLACK
6
CONTINUOUS
10
120.1493809999999911
20
-184.0873379999999884
11
119.6731899999999911
21
-184.0873379999999884
0
LINE
8
BLACK
6
CONTINUOUS
10
119.6731899999999911
20
-184.0873379999999884
11
119.4827140000000014
21
-183.9920999999999935
0
LINE
8
BLACK
6
CONTINUOUS
10
119.4827140000000014
20
-183.9920999999999935
11
119.3874759999999924
21
-183.801622999999978
0
LINE
8
BLACK
6
CONTINUOUS
10
119.3874759999999924
20
-183.801622999999978
11
119.3874759999999924
21
-183.6111469999999883
0
LINE
8
BLACK
6
CONTINUOUS
10
119.3874759999999924
20
-183.6111469999999883
11
119.4827140000000014
21
-183.4206709999999987
0
LINE
8
BLACK
6
CONTINUOUS
10
119.4827140000000014
20
-183.4206709999999987
11
119.6731899999999911
21
-183.3254330000000039
0
LINE
8
BLACK
6
CONTINUOUS
10
119.6731899999999911
20
-183.3254330000000039
11
120.1493809999999911
21
-183.3254330000000039
0
LINE
8
BLACK
6
CONTINUOUS
10
120.1493809999999911
20
-183.3254330000000039
11
120.339856999999995
21
-183.2301949999999806
0
LINE
8
BLACK
6
CONTINUOUS
10
121.0065239999999989
20
-182.7540039999999806
11
121.7684280000000001
21
-182.7540039999999806
0
LINE
8
BLACK
6
CONTINUOUS
10
121.2922379999999976
20
-182.0873379999999884
11
121.2922379999999976
21
-183.801622999999978
0
LINE
8
BLACK
6
CONTINUOUS
10
121.2922379999999976
20
-183.801622999999978
11
121.3874759999999924
21
-183.9920999999999935
0
LINE
8
BLACK
6
CONTINUOUS
10
121.3874759999999924
20
-183.9920999999999935
11
121.5779519999999962
21
-184.0873379999999884
0
LINE
8
BLACK
6
CONTINUOUS
10
121.5779519999999962
20
-184.0873379999999884
11
121.7684280000000001
21
-184.0873379999999884
0
LINE
8
BLACK
6
CONTINUOUS
10
123.1969999999999885
20
-183.9920999999999935
11
123.0065239999999989
21
-184.0873379999999884
0
LINE
8
BLACK
6
CONTINUOUS
10
123.0065239999999989
20
-184.0873379999999884
11
122.6255709999999937
21
-184.0873379999999884
0
LINE
8
BLACK
6
CONTINUOUS
10
122.6255709999999937
20
-184.0873379999999884
11
122.4350949999999898
21
-183.9920999999999935
0
LINE
8
BLACK
6
CONTINUOUS
10
122.4350949999999898
20
-183.9920999999999935
11
122.339856999999995
21
-183.801622999999978
0
LINE
8
BLACK
6
CONTINUOUS
10
122.339856999999995
20
-183.801622999999978
11
122.339856999999995
21
-183.039718999999991
0
LINE
8
BLACK
6
CONTINUOUS
10
122.339856999999995
20
-183.039718999999991
11
122.4350949999999898
21
-182.8492420000000038
0
LINE
8
BLACK
6
CONTINUOUS
10
122.4350949999999898
20
-182.8492420000000038
11
122.6255709999999937
21
-182.7540039999999806
0
LINE
8
BLACK
6
CONTINUOUS
10
122.6255709999999937
20
-182.7540039999999806
11
123.0065239999999989
21
-182.7540039999999806
0
LINE
8
BLACK
6
CONTINUOUS
10
123.0065239999999989
20
-182.7540039999999806
11
123.1969999999999885
21
-182.8492420000000038
0
LINE
8
BLACK
6
CONTINUOUS
10
123.1969999999999885
20
-182.8492420000000038
11
123.2922379999999976
21
-183.039718999999991
0
LINE
8
BLACK
6
CONTINUOUS
10
123.2922379999999976
20
-183.039718999999991
11
123.2922379999999976
21
-183.2301949999999806
0
LINE
8
BLACK
6
CONTINUOUS
10
123.2922379999999976
20
-183.2301949999999806
11
122.339856999999995
21
-183.4206709999999987
0
LINE
8
BLACK
6
CONTINUOUS
10
125.0065239999999989
20
-184.0873379999999884
11
125.0065239999999989
21
-182.0873379999999884
0
LINE
8
BLACK
6
CONTINUOUS
10
125.0065239999999989
20
-183.9920999999999935
11
124.816047999999995
21
-184.0873379999999884
0
LINE
8
BLACK
6
CONTINUOUS
10
124.816047999999995
20
-184.0873379999999884
11
124.4350949999999898
21
-184.0873379999999884
0
LINE
8
BLACK
6
CONTINUOUS
10
124.4350949999999898
20
-184.0873379999999884
11
124.2446190000000001
21
-183.9920999999999935
0
LINE
8
BLACK
6
CONTINUOUS
10
124.2446190000000001
20
-183.9920999999999935
11
124.1493809999999911
21
-183.8968610000000012
0
LINE
8
BLACK
6
CONTINUOUS
10
124.1493809999999911
20
-183.8968610000000012
11
124.0541429999999963
21
-183.7063849999999832
0
LINE
8
BLACK
6
CONTINUOUS
10
124.0541429999999963
20
-183.7063849999999832
11
124.0541429999999963
21
-183.1349569999999858
0
LINE
8
BLACK
6
CONTINUOUS
10
124.0541429999999963
20
-183.1349569999999858
11
124.1493809999999911
21
-182.9444799999999987
0
LINE
8
BLACK
6
CONTINUOUS
10
124.1493809999999911
20
-182.9444799999999987
11
124.2446190000000001
21
-182.8492420000000038
0
LINE
8
BLACK
6
CONTINUOUS
10
124.2446190000000001
20
-182.8492420000000038
11
124.4350949999999898
21
-182.7540039999999806
0
LINE
8
BLACK
6
CONTINUOUS
10
124.4350949999999898
20
-182.7540039999999806
11
124.816047999999995
21
-182.7540039999999806
0
LINE
8
BLACK
6
CONTINUOUS
10
124.816047999999995
20
-182.7540039999999806
11
125.0065239999999989
21
-182.8492420000000038
0
LINE
8
BLACK
6
CONTINUOUS
10
125.7684289999999976
20
-184.8492420000000038
11
125.8636669999999924
21
-184.7540039999999806
0
LINE
8
BLACK
6
CONTINUOUS
10
125.8636669999999924
20
-184.7540039999999806
11
126.0541429999999963
21
-184.4682899999999961
0
LINE
8
BLACK
6
CONTINUOUS
10
126.0541429999999963
20
-184.4682899999999961
11
126.1493809999999911
21
-184.277813999999978
0
LINE
8
BLACK
6
CONTINUOUS
10
126.1493809999999911
20
-184.277813999999978
11
126.2446190000000001
21
-183.9920999999999935
0
LINE
8
BLACK
6
CONTINUOUS
10
126.2446190000000001
20
-183.9920999999999935
11
126.339856999999995
21
-183.5159089999999935
0
LINE
8
BLACK
6
CONTINUOUS
10
126.339856999999995
20
-183.5159089999999935
11
126.339856999999995
21
-183.1349569999999858
0
LINE
8
BLACK
6
CONTINUOUS
10
126.339856999999995
20
-183.1349569999999858
11
126.2446190000000001
21
-182.6587659999999858
0
LINE
8
BLACK
6
CONTINUOUS
10
126.2446190000000001
20
-182.6587659999999858
11
126.1493809999999911
21
-182.3730520000000013
0
LINE
8
BLACK
6
CONTINUOUS
10
126.1493809999999911
20
-182.3730520000000013
11
126.0541429999999963
21
-182.1825759999999832
0
LINE
8
BLACK
6
CONTINUOUS
10
126.0541429999999963
20
-182.1825759999999832
11
125.8636669999999924
21
-181.8968610000000012
0
LINE
8
BLACK
6
CONTINUOUS
10
125.8636669999999924
20
-181.8968610000000012
11
125.7684289999999976
21
-181.801622999999978
0
LINE
8
BLACK
6
CONTINUOUS
10
53.3987499999999997
20
-185.1225000000000023
11
53.3987499999999997
21
-187.1225000000000023
0
LINE
8
BLACK
6
CONTINUOUS
10
52.3987499999999997
20
-186.1225000000000023
11
54.3987499999999997
21
-186.1225000000000023
0
LINE
8
BLACK
6
CONTINUOUS
10
56.8160419999999959
20
-185.0373380000000054
11
58.0541369999999972
21
-185.0373380000000054
0
LINE
8
BLACK
6
CONTINUOUS
10
58.0541369999999972
20
-185.0373380000000054
11
57.3874700000000004
21
-185.7992419999999925
0
LINE
8
BLACK
6
CONTINUOUS
10
57.3874700000000004
20
-185.7992419999999925
11
57.6731849999999966
21
-185.7992419999999925
0
LINE
8
BLACK
6
CONTINUOUS
10
57.6731849999999966
20
-185.7992419999999925
11
57.8636610000000005
21
-185.8944799999999873
0
LINE
8
BLACK
6
CONTINUOUS
10
57.8636610000000005
20
-185.8944799999999873
11
57.9588989999999953
21
-185.9897189999999796
0
LINE
8
BLACK
6
CONTINUOUS
10
57.9588989999999953
20
-185.9897189999999796
11
58.0541369999999972
21
-186.1801949999999977
0
LINE
8
BLACK
6
CONTINUOUS
10
58.0541369999999972
20
-186.1801949999999977
11
58.0541369999999972
21
-186.6563850000000002
0
LINE
8
BLACK
6
CONTINUOUS
10
58.0541369999999972
20
-186.6563850000000002
11
57.9588989999999953
21
-186.8468609999999899
0
LINE
8
BLACK
6
CONTINUOUS
10
57.9588989999999953
20
-186.8468609999999899
11
57.8636610000000005
21
-186.9420999999999822
0
LINE
8
BLACK
6
CONTINUOUS
10
57.8636610000000005
20
-186.9420999999999822
11
57.6731849999999966
21
-187.0373380000000054
0
LINE
8
BLACK
6
CONTINUOUS
10
57.6731849999999966
20
-187.0373380000000054
11
57.1017559999999946
21
-187.0373380000000054
0
LINE
8
BLACK
6
CONTINUOUS
10
57.1017559999999946
20
-187.0373380000000054
11
56.9112799999999979
21
-186.9420999999999822
0
LINE
8
BLACK
6
CONTINUOUS
10
56.9112799999999979
20
-186.9420999999999822
11
56.8160419999999959
21
-186.8468609999999899
0
LINE
8
BLACK
6
CONTINUOUS
10
58.9112799999999979
20
-186.8468609999999899
11
59.0065179999999998
21
-186.9420999999999822
0
LINE
8
BLACK
6
CONTINUOUS
10
59.0065179999999998
20
-186.9420999999999822
11
58.9112799999999979
21
-187.0373380000000054
0
LINE
8
BLACK
6
CONTINUOUS
10
58.9112799999999979
20
-187.0373380000000054
11
58.8160419999999959
21
-186.9420999999999822
0
LINE
8
BLACK
6
CONTINUOUS
10
58.8160419999999959
20
-186.9420999999999822
11
58.9112799999999979
21
-186.8468609999999899
0
LINE
8
BLACK
6
CONTINUOUS
10
58.9112799999999979
20
-186.8468609999999899
11
58.9112799999999979
21
-187.0373380000000054
0
LINE
8
BLACK
6
CONTINUOUS
10
59.7684229999999985
20
-185.2278139999999951
11
59.8636610000000005
21
-185.1325760000000002
0
LINE
8
BLACK
6
CONTINUOUS
10
59.8636610000000005
20
-185.1325760000000002
11
60.0541369999999972
21
-185.0373380000000054
0
LINE
8
BLACK
6
CONTINUOUS
10
60.0541369999999972
20
-185.0373380000000054
11
60.5303279999999972
21
-185.0373380000000054
0
LINE
8
BLACK
6
CONTINUOUS
10
60.5303279999999972
20
-185.0373380000000054
11
60.720803999999994
21
-185.1325760000000002
0
LINE
8
BLACK
6
CONTINUOUS
10
60.720803999999994
20
-185.1325760000000002
11
60.8160419999999959
21
-185.2278139999999951
0
LINE
8
BLACK
6
CONTINUOUS
10
60.8160419999999959
20
-185.2278139999999951
11
60.9112799999999979
21
-185.4182899999999847
0
LINE
8
BLACK
6
CONTINUOUS
10
60.9112799999999979
20
-185.4182899999999847
11
60.9112799999999979
21
-185.6087660000000028
0
LINE
8
BLACK
6
CONTINUOUS
10
60.9112799999999979
20
-185.6087660000000028
11
60.8160419999999959
21
-185.8944799999999873
0
LINE
8
BLACK
6
CONTINUOUS
10
60.8160419999999959
20
-185.8944799999999873
11
59.6731849999999966
21
-187.0373380000000054
0
LINE
8
BLACK
6
CONTINUOUS
10
59.6731849999999966
20
-187.0373380000000054
11
60.9112799999999979
21
-187.0373380000000054
0
LINE
8
BLACK
6
CONTINUOUS
10
62.1493749999999991
20
-185.0373380000000054
11
62.3398520000000005
21
-185.0373380000000054
0
LINE
8
BLACK
6
CONTINUOUS
10
62.3398520000000005
20
-185.0373380000000054
11
62.5303279999999972
21
-185.1325760000000002
0
LINE
8
BLACK
6
CONTINUOUS
10
62.5303279999999972
20
-185.1325760000000002
11
62.6255659999999992
21
-185.2278139999999951
0
LINE
8
BLACK
6
CONTINUOUS
10
62.6255659999999992
20
-185.2278139999999951
11
62.720803999999994
21
-185.4182899999999847
0
LINE
8
BLACK
6
CONTINUOUS
10
62.720803999999994
20
-185.4182899999999847
11
62.8160419999999959
21
-185.7992419999999925
0
LINE
8
BLACK
6
CONTINUOUS
10
62.8160419999999959
20
-185.7992419999999925
11
62.8160419999999959
21
-186.2754329999999925
0
LINE
8
BLACK
6
CONTINUOUS
10
62.8160419999999959
20
-186.2754329999999925
11
62.720803999999994
21
-186.6563850000000002
0
LINE
8
BLACK
6
CONTINUOUS
10
62.720803999999994
20
-186.6563850000000002
11
62.6255659999999992
21
-186.8468609999999899
0
LINE
8
BLACK
6
CONTINUOUS
10
62.6255659999999992
20
-186.8468609999999899
11
62.5303279999999972
21
-186.9420999999999822
0
LINE
8
BLACK
6
CONTINUOUS
10
62.5303279999999972
20
-186.9420999999999822
11
62.3398520000000005
21
-187.0373380000000054
0
LINE
8
BLACK
6
CONTINUOUS
10
62.3398520000000005
20
-187.0373380000000054
11
62.1493749999999991
21
-187.0373380000000054
0
LINE
8
BLACK
6
CONTINUOUS
10
62.1493749999999991
20
-187.0373380000000054
11
61.9588989999999953
21
-186.9420999999999822
0
LINE
8
BLACK
6
CONTINUOUS
10
61.9588989999999953
20
-186.9420999999999822
11
61.8636610000000005
21
-186.8468609999999899
0
LINE
8
BLACK
6
CONTINUOUS
10
61.8636610000000005
20
-186.8468609999999899
11
61.7684229999999985
21
-186.6563850000000002
0
LINE
8
BLACK
6
CONTINUOUS
10
61.7684229999999985
20
-186.6563850000000002
11
61.6731849999999966
21
-186.2754329999999925
0
LINE
8
BLACK
6
CONTINUOUS
10
61.6731849999999966
20
-186.2754329999999925
11
61.6731849999999966
21
-185.7992419999999925
0
LINE
8
BLACK
6
CONTINUOUS
10
61.6731849999999966
20
-185.7992419999999925
11
61.7684229999999985
21
-185.4182899999999847
0
LINE
8
BLACK
6
CONTINUOUS
10
61.7684229999999985
20
-185.4182899999999847
11
61.8636610000000005
21
-185.2278139999999951
0
LINE
8
BLACK
6
CONTINUOUS
10
61.8636610000000005
20
-185.2278139999999951
11
61.9588989999999953
21
-185.1325760000000002
0
LINE
8
BLACK
6
CONTINUOUS
10
61.9588989999999953
20
-185.1325760000000002
11
62.1493749999999991
21
-185.0373380000000054
0
LINE
8
BLACK
6
CONTINUOUS
10
64.0541369999999972
20
-185.0373380000000054
11
64.2446139999999986
21
-185.0373380000000054
0
LINE
8
BLACK
6
CONTINUOUS
10
64.2446139999999986
20
-185.0373380000000054
11
64.4350900000000024
21
-185.1325760000000002
0
LINE
8
BLACK
6
CONTINUOUS
10
64.4350900000000024
20
-185.1325760000000002
11
64.5303279999999972
21
-185.2278139999999951
0
LINE
8
BLACK
6
CONTINUOUS
10
64.5303279999999972
20
-185.2278139999999951
11
64.6255659999999921
21
-185.4182899999999847
0
LINE
8
BLACK
6
CONTINUOUS
10
64.6255659999999921
20
-185.4182899999999847
11
64.7208040000000011
21
-185.7992419999999925
0
LINE
8
BLACK
6
CONTINUOUS
10
64.7208040000000011
20
-185.7992419999999925
11
64.7208040000000011
21
-186.2754329999999925
0
LINE
8
BLACK
6
CONTINUOUS
10
64.7208040000000011
20
-186.2754329999999925
11
64.6255659999999921
21
-186.6563850000000002
0
LINE
8
BLACK
6
CONTINUOUS
10
64.6255659999999921
20
-186.6563850000000002
11
64.5303279999999972
21
-186.8468609999999899
0
LINE
8
BLACK
6
CONTINUOUS
10
64.5303279999999972
20
-186.8468609999999899
11
64.4350900000000024
21
-186.9420999999999822
0
LINE
8
BLACK
6
CONTINUOUS
10
64.4350900000000024
20
-186.9420999999999822
11
64.2446139999999986
21
-187.0373380000000054
0
LINE
8
BLACK
6
CONTINUOUS
10
64.2446139999999986
20
-187.0373380000000054
11
64.0541369999999972
21
-187.0373380000000054
0
LINE
8
BLACK
6
CONTINUOUS
10
64.0541369999999972
20
-187.0373380000000054
11
63.8636610000000005
21
-186.9420999999999822
0
LINE
8
BLACK
6
CONTINUOUS
10
63.8636610000000005
20
-186.9420999999999822
11
63.7684229999999985
21
-186.8468609999999899
0
LINE
8
BLACK
6
CONTINUOUS
10
63.7684229999999985
20
-186.8468609999999899
11
63.6731849999999966
21
-186.6563850000000002
0
LINE
8
BLACK
6
CONTINUOUS
10
63.6731849999999966
20
-186.6563850000000002
11
63.5779469999999947
21
-186.2754329999999925
0
LINE
8
BLACK
6
CONTINUOUS
10
63.5779469999999947
20
-186.2754329999999925
11
63.5779469999999947
21
-185.7992419999999925
0
LINE
8
BLACK
6
CONTINUOUS
10
63.5779469999999947
20
-185.7992419999999925
11
63.6731849999999966
21
-185.4182899999999847
0
LINE
8
BLACK
6
CONTINUOUS
10
63.6731849999999966
20
-185.4182899999999847
11
63.7684229999999985
21
-185.2278139999999951
0
LINE
8
BLACK
6
CONTINUOUS
10
63.7684229999999985
20
-185.2278139999999951
11
63.8636610000000005
21
-185.1325760000000002
0
LINE
8
BLACK
6
CONTINUOUS
10
63.8636610000000005
20
-185.1325760000000002
11
64.0541369999999972
21
-185.0373380000000054
0
LINE
8
BLACK
6
CONTINUOUS
10
65.5779469999999947
20
-187.0373380000000054
11
65.5779469999999947
21
-185.7040039999999976
0
LINE
8
BLACK
6
CONTINUOUS
10
65.5779469999999947
20
-185.8944799999999873
11
65.6731850000000037
21
-185.7992419999999925
0
LINE
8
BLACK
6
CONTINUOUS
10
65.6731850000000037
20
-185.7992419999999925
11
65.8636609999999934
21
-185.7040039999999976
0
LINE
8
BLACK
6
CONTINUOUS
10
65.8636609999999934
20
-185.7040039999999976
11
66.1493760000000037
21
-185.7040039999999976
0
LINE
8
BLACK
6
CONTINUOUS
10
66.1493760000000037
20
-185.7040039999999976
11
66.3398519999999934
21
-185.7992419999999925
0
LINE
8
BLACK
6
CONTINUOUS
10
66.3398519999999934
20
-185.7992419999999925
11
66.4350900000000024
21
-185.9897189999999796
0
LINE
8
BLACK
6
CONTINUOUS
10
66.4350900000000024
20
-185.9897189999999796
11
66.4350900000000024
21
-187.0373380000000054
0
LINE
8
BLACK
6
CONTINUOUS
10
66.4350900000000024
20
-185.9897189999999796
11
66.5303279999999972
21
-185.7992419999999925
0
LINE
8
BLACK
6
CONTINUOUS
10
66.5303279999999972
20
-185.7992419999999925
11
66.7208040000000011
21
-185.7040039999999976
0
LINE
8
BLACK
6
CONTINUOUS
10
66.7208040000000011
20
-185.7040039999999976
11
67.0065179999999998
21
-185.7040039999999976
0
LINE
8
BLACK
6
CONTINUOUS
10
67.0065179999999998
20
-185.7040039999999976
11
67.1969950000000011
21
-185.7992419999999925
0
LINE
8
BLACK
6
CONTINUOUS
10
67.1969950000000011
20
-185.7992419999999925
11
67.292232999999996
21
-185.9897189999999796
0
LINE
8
BLACK
6
CONTINUOUS
10
67.292232999999996
20
-185.9897189999999796
11
67.292232999999996
21
-187.0373380000000054
0
LINE
8
BLACK
6
CONTINUOUS
10
68.2446139999999986
20
-187.0373380000000054
11
68.2446139999999986
21
-185.7040039999999976
0
LINE
8
BLACK
6
CONTINUOUS
10
68.2446139999999986
20
-185.8944799999999873
11
68.3398519999999934
21
-185.7992419999999925
0
LINE
8
BLACK
6
CONTINUOUS
10
68.3398519999999934
20
-185.7992419999999925
11
68.5303279999999972
21
-185.7040039999999976
0
LINE
8
BLACK
6
CONTINUOUS
10
68.5303279999999972
20
-185.7040039999999976
11
68.8160429999999934
21
-185.7040039999999976
0
LINE
8
BLACK
6
CONTINUOUS
10
68.8160429999999934
20
-185.7040039999999976
11
69.0065189999999973
21
-185.7992419999999925
0
LINE
8
BLACK
6
CONTINUOUS
10
69.0065189999999973
20
-185.7992419999999925
11
69.1017569999999921
21
-185.9897189999999796
0
LINE
8
BLACK
6
CONTINUOUS
10
69.1017569999999921
20
-185.9897189999999796
11
69.1017569999999921
21
-187.0373380000000054
0
LINE
8
BLACK
6
CONTINUOUS
10
69.1017569999999921
20
-185.9897189999999796
11
69.1969950000000011
21
-185.7992419999999925
0
LINE
8
BLACK
6
CONTINUOUS
10
69.1969950000000011
20
-185.7992419999999925
11
69.3874709999999908
21
-185.7040039999999976
0
LINE
8
BLACK
6
CONTINUOUS
10
69.3874709999999908
20
-185.7040039999999976
11
69.6731850000000037
21
-185.7040039999999976
0
LINE
8
BLACK
6
CONTINUOUS
10
69.6731850000000037
20
-185.7040039999999976
11
69.8636619999999908
21
-185.7992419999999925
0
LINE
8
BLACK
6
CONTINUOUS
10
69.8636619999999908
20
-185.7992419999999925
11
69.9588999999999999
21
-185.9897189999999796
0
LINE
8
BLACK
6
CONTINUOUS
10
69.9588999999999999
20
-185.9897189999999796
11
69.9588999999999999
21
-187.0373380000000054
0
LINE
8
BLACK
6
CONTINUOUS
10
73.8636619999999908
20
-184.9420999999999822
11
72.1493770000000012
21
-187.5135279999999796
0
LINE
8
BLACK
6
CONTINUOUS
10
76.4350909999999999
20
-185.0373380000000054
11
76.6255680000000012
21
-185.0373380000000054
0
LINE
8
BLACK
6
CONTINUOUS
10
76.6255680000000012
20
-185.0373380000000054
11
76.8160439999999909
21
-185.1325760000000002
0
LINE
8
BLACK
6
CONTINUOUS
10
76.8160439999999909
20
-185.1325760000000002
11
76.9112819999999999
21
-185.2278139999999951
0
LINE
8
BLACK
6
CONTINUOUS
10
76.9112819999999999
20
-185.2278139999999951
11
77.0065199999999948
21
-185.4182899999999847
0
LINE
8
BLACK
6
CONTINUOUS
10
77.0065199999999948
20
-185.4182899999999847
11
77.1017579999999896
21
-185.7992419999999925
0
LINE
8
BLACK
6
CONTINUOUS
10
77.1017579999999896
20
-185.7992419999999925
11
77.1017579999999896
21
-186.2754329999999925
0
LINE
8
BLACK
6
CONTINUOUS
10
77.1017579999999896
20
-186.2754329999999925
11
77.0065199999999948
21
-186.6563850000000002
0
LINE
8
BLACK
6
CONTINUOUS
10
77.0065199999999948
20
-186.6563850000000002
11
76.9112819999999999
21
-186.8468609999999899
0
LINE
8
BLACK
6
CONTINUOUS
10
76.9112819999999999
20
-186.8468609999999899
11
76.8160439999999909
21
-186.9420999999999822
0
LINE
8
BLACK
6
CONTINUOUS
10
76.8160439999999909
20
-186.9420999999999822
11
76.6255680000000012
21
-187.0373380000000054
0
LINE
8
BLACK
6
CONTINUOUS
10
76.6255680000000012
20
-187.0373380000000054
11
76.4350909999999999
21
-187.0373380000000054
0
LINE
8
BLACK
6
CONTINUOUS
10
76.4350909999999999
20
-187.0373380000000054
11
76.244614999999996
21
-186.9420999999999822
0
LINE
8
BLACK
6
CONTINUOUS
10
76.244614999999996
20
-186.9420999999999822
11
76.1493770000000012
21
-186.8468609999999899
0
LINE
8
BLACK
6
CONTINUOUS
10
76.1493770000000012
20
-186.8468609999999899
11
76.0541389999999922
21
-186.6563850000000002
0
LINE
8
BLACK
6
CONTINUOUS
10
76.0541389999999922
20
-186.6563850000000002
11
75.9589009999999973
21
-186.2754329999999925
0
LINE
8
BLACK
6
CONTINUOUS
10
75.9589009999999973
20
-186.2754329999999925
11
75.9589009999999973
21
-185.7992419999999925
0
LINE
8
BLACK
6
CONTINUOUS
10
75.9589009999999973
20
-185.7992419999999925
11
76.0541389999999922
21
-185.4182899999999847
0
LINE
8
BLACK
6
CONTINUOUS
10
76.0541389999999922
20
-185.4182899999999847
11
76.1493770000000012
21
-185.2278139999999951
0
LINE
8
BLACK
6
CONTINUOUS
10
76.1493770000000012
20
-185.2278139999999951
11
76.244614999999996
21
-185.1325760000000002
0
LINE
8
BLACK
6
CONTINUOUS
10
76.244614999999996
20
-185.1325760000000002
11
76.4350909999999999
21
-185.0373380000000054
0
LINE
8
BLACK
6
CONTINUOUS
10
77.9589009999999973
20
-186.8468609999999899
11
78.0541389999999922
21
-186.9420999999999822
0
LINE
8
BLACK
6
CONTINUOUS
10
78.0541389999999922
20
-186.9420999999999822
11
77.9589009999999973
21
-187.0373380000000054
0
LINE
8
BLACK
6
CONTINUOUS
10
77.9589009999999973
20
-187.0373380000000054
11
77.8636630000000025
21
-186.9420999999999822
0
LINE
8
BLACK
6
CONTINUOUS
10
77.8636630000000025
20
-186.9420999999999822
11
77.9589009999999973
21
-186.8468609999999899
0
LINE
8
BLACK
6
CONTINUOUS
10
77.9589009999999973
20
-186.8468609999999899
11
77.9589009999999973
21
-187.0373380000000054
0
LINE
8
BLACK
6
CONTINUOUS
10
79.9589009999999973
20
-187.0373380000000054
11
78.8160439999999909
21
-187.0373380000000054
0
LINE
8
BLACK
6
CONTINUOUS
10
79.3874720000000025
20
-187.0373380000000054
11
79.3874720000000025
21
-185.0373380000000054
0
LINE
8
BLACK
6
CONTINUOUS
10
79.3874720000000025
20
-185.0373380000000054
11
79.1969959999999986
21
-185.3230519999999899
0
LINE
8
BLACK
6
CONTINUOUS
10
79.1969959999999986
20
-185.3230519999999899
11
79.0065199999999948
21
-185.5135279999999796
0
LINE
8
BLACK
6
CONTINUOUS
10
79.0065199999999948
20
-185.5135279999999796
11
78.8160439999999909
21
-185.6087660000000028
0
LINE
8
BLACK
6
CONTINUOUS
10
80.7208059999999961
20
-185.2278139999999951
11
80.8160439999999909
21
-185.1325760000000002
0
LINE
8
BLACK
6
CONTINUOUS
10
80.8160439999999909
20
-185.1325760000000002
11
81.0065199999999948
21
-185.0373380000000054
0
LINE
8
BLACK
6
CONTINUOUS
10
81.0065199999999948
20
-185.0373380000000054
11
81.4827109999999948
21
-185.0373380000000054
0
LINE
8
BLACK
6
CONTINUOUS
10
81.4827109999999948
20
-185.0373380000000054
11
81.6731869999999986
21
-185.1325760000000002
0
LINE
8
BLACK
6
CONTINUOUS
10
81.6731869999999986
20
-185.1325760000000002
11
81.7684249999999935
21
-185.2278139999999951
0
LINE
8
BLACK
6
CONTINUOUS
10
81.7684249999999935
20
-185.2278139999999951
11
81.8636630000000025
21
-185.4182899999999847
0
LINE
8
BLACK
6
CONTINUOUS
10
81.8636630000000025
20
-185.4182899999999847
11
81.8636630000000025
21
-185.6087660000000028
0
LINE
8
BLACK
6
CONTINUOUS
10
81.8636630000000025
20
-185.6087660000000028
11
81.7684249999999935
21
-185.8944799999999873
0
LINE
8
BLACK
6
CONTINUOUS
10
81.7684249999999935
20
-185.8944799999999873
11
80.6255680000000012
21
-187.0373380000000054
0
LINE
8
BLACK
6
CONTINUOUS
10
80.6255680000000012
20
-187.0373380000000054
11
81.8636630000000025
21
-187.0373380000000054
0
LINE
8
BLACK
6
CONTINUOUS
10
83.5779489999999896
20
-185.0373380000000054
11
83.1969959999999986
21
-185.0373380000000054
0
LINE
8
BLACK
6
CONTINUOUS
10
83.1969959999999986
20
-185.0373380000000054
11
83.0065199999999948
21
-185.1325760000000002
0
LINE
8
BLACK
6
CONTINUOUS
10
83.0065199999999948
20
-185.1325760000000002
11
82.9112819999999999
21
-185.2278139999999951
0
LINE
8
BLACK
6
CONTINUOUS
10
82.9112819999999999
20
-185.2278139999999951
11
82.7208059999999961
21
-185.5135279999999796
0
LINE
8
BLACK
6
CONTINUOUS
10
82.7208059999999961
20
-185.5135279999999796
11
82.6255680000000012
21
-185.8944799999999873
0
LINE
8
BLACK
6
CONTINUOUS
10
82.6255680000000012
20
-185.8944799999999873
11
82.6255680000000012
21
-186.6563850000000002
0
LINE
8
BLACK
6
CONTINUOUS
10
82.6255680000000012
20
-186.6563850000000002
11
82.7208059999999961
21
-186.8468609999999899
0
LINE
8
BLACK
6
CONTINUOUS
10
82.7208059999999961
20
-186.8468609999999899
11
82.8160439999999909
21
-186.9420999999999822
0
LINE
8
BLACK
6
CONTINUOUS
10
82.8160439999999909
20
-186.9420999999999822
11
83.0065199999999948
21
-187.0373380000000054
0
LINE
8
BLACK
6
CONTINUOUS
10
83.0065199999999948
20
-187.0373380000000054
11
83.387473
21
-187.0373380000000054
0
LINE
8
BLACK
6
CONTINUOUS
10
83.387473
20
-187.0373380000000054
11
83.5779489999999896
21
-186.9420999999999822
0
LINE
8
BLACK
6
CONTINUOUS
10
83.5779489999999896
20
-186.9420999999999822
11
83.6731869999999986
21
-186.8468609999999899
0
LINE
8
BLACK
6
CONTINUOUS
10
83.6731869999999986
20
-186.8468609999999899
11
83.7684249999999935
21
-186.6563850000000002
0
LINE
8
BLACK
6
CONTINUOUS
10
83.7684249999999935
20
-186.6563850000000002
11
83.7684249999999935
21
-186.1801949999999977
0
LINE
8
BLACK
6
CONTINUOUS
10
83.7684249999999935
20
-186.1801949999999977
11
83.6731869999999986
21
-185.9897189999999796
0
LINE
8
BLACK
6
CONTINUOUS
10
83.6731869999999986
20
-185.9897189999999796
11
83.5779489999999896
21
-185.8944799999999873
0
LINE
8
BLACK
6
CONTINUOUS
10
83.5779489999999896
20
-185.8944799999999873
11
83.387473
21
-185.7992419999999925
0
LINE
8
BLACK
6
CONTINUOUS
10
83.387473
20
-185.7992419999999925
11
83.0065199999999948
21
-185.7992419999999925
0
LINE
8
BLACK
6
CONTINUOUS
10
83.0065199999999948
20
-185.7992419999999925
11
82.8160439999999909
21
-185.8944799999999873
0
LINE
8
BLACK
6
CONTINUOUS
10
82.8160439999999909
20
-185.8944799999999873
11
82.7208059999999961
21
-185.9897189999999796
0
LINE
8
BLACK
6
CONTINUOUS
10
82.7208059999999961
20
-185.9897189999999796
11
82.6255680000000012
21
-186.1801949999999977
0
LINE
8
BLACK
6
CONTINUOUS
10
85.0065199999999948
20
-185.0373380000000054
11
85.1969969999999961
21
-185.0373380000000054
0
LINE
8
BLACK
6
CONTINUOUS
10
85.1969969999999961
20
-185.0373380000000054
11
85.387473
21
-185.1325760000000002
0
LINE
8
BLACK
6
CONTINUOUS
10
85.387473
20
-185.1325760000000002
11
85.4827109999999948
21
-185.2278139999999951
0
LINE
8
BLACK
6
CONTINUOUS
10
85.4827109999999948
20
-185.2278139999999951
11
85.5779489999999896
21
-185.4182899999999847
0
LINE
8
BLACK
6
CONTINUOUS
10
85.5779489999999896
20
-185.4182899999999847
11
85.6731869999999986
21
-185.7992419999999925
0
LINE
8
BLACK
6
CONTINUOUS
10
85.6731869999999986
20
-185.7992419999999925
11
85.6731869999999986
21
-186.2754329999999925
0
LINE
8
BLACK
6
CONTINUOUS
10
85.6731869999999986
20
-186.2754329999999925
11
85.5779489999999896
21
-186.6563850000000002
0
LINE
8
BLACK
6
CONTINUOUS
10
85.5779489999999896
20
-186.6563850000000002
11
85.4827109999999948
21
-186.8468609999999899
0
LINE
8
BLACK
6
CONTINUOUS
10
85.4827109999999948
20
-186.8468609999999899
11
85.387473
21
-186.9420999999999822
0
LINE
8
BLACK
6
CONTINUOUS
10
85.387473
20
-186.9420999999999822
11
85.1969969999999961
21
-187.0373380000000054
0
LINE
8
BLACK
6
CONTINUOUS
10
85.1969969999999961
20
-187.0373380000000054
11
85.0065199999999948
21
-187.0373380000000054
0
LINE
8
BLACK
6
CONTINUOUS
10
85.0065199999999948
20
-187.0373380000000054
11
84.8160439999999909
21
-186.9420999999999822
0
LINE
8
BLACK
6
CONTINUOUS
10
84.8160439999999909
20
-186.9420999999999822
11
84.7208059999999961
21
-186.8468609999999899
0
LINE
8
BLACK
6
CONTINUOUS
10
84.7208059999999961
20
-186.8468609999999899
11
84.6255680000000012
21
-186.6563850000000002
0
LINE
8
BLACK
6
CONTINUOUS
10
84.6255680000000012
20
-186.6563850000000002
11
84.5303299999999922
21
-186.2754329999999925
0
LINE
8
BLACK
6
CONTINUOUS
10
84.5303299999999922
20
-186.2754329999999925
11
84.5303299999999922
21
-185.7992419999999925
0
LINE
8
BLACK
6
CONTINUOUS
10
84.5303299999999922
20
-185.7992419999999925
11
84.6255680000000012
21
-185.4182899999999847
0
LINE
8
BLACK
6
CONTINUOUS
10
84.6255680000000012
20
-185.4182899999999847
11
84.7208059999999961
21
-185.2278139999999951
0
LINE
8
BLACK
6
CONTINUOUS
10
84.7208059999999961
20
-185.2278139999999951
11
84.8160439999999909
21
-185.1325760000000002
0
LINE
8
BLACK
6
CONTINUOUS
10
84.8160439999999909
20
-185.1325760000000002
11
85.0065199999999948
21
-185.0373380000000054
0
LINE
8
BLACK
6
CONTINUOUS
10
86.4350919999999974
20
-185.0373380000000054
11
86.4350919999999974
21
-185.4182899999999847
0
LINE
8
BLACK
6
CONTINUOUS
10
87.1969969999999961
20
-185.0373380000000054
11
87.1969969999999961
21
-185.4182899999999847
0
LINE
8
BLACK
6
CONTINUOUS
10
90.1493789999999962
20
-187.7992419999999925
11
90.0541399999999896
21
-187.7040039999999976
0
LINE
8
BLACK
6
CONTINUOUS
10
90.0541399999999896
20
-187.7040039999999976
11
89.863664
21
-187.4182899999999847
0
LINE
8
BLACK
6
CONTINUOUS
10
89.863664
20
-187.4182899999999847
11
89.7684259999999909
21
-187.2278139999999951
0
LINE
8
BLACK
6
CONTINUOUS
10
89.7684259999999909
20
-187.2278139999999951
11
89.6731879999999961
21
-186.9420999999999822
0
LINE
8
BLACK
6
CONTINUOUS
10
89.6731879999999961
20
-186.9420999999999822
11
89.5779500000000013
21
-186.4659089999999821
0
LINE
8
BLACK
6
CONTINUOUS
10
89.5779500000000013
20
-186.4659089999999821
11
89.5779500000000013
21
-186.0849570000000028
0
LINE
8
BLACK
6
CONTINUOUS
10
89.5779500000000013
20
-186.0849570000000028
11
89.6731879999999961
21
-185.6087660000000028
0
LINE
8
BLACK
6
CONTINUOUS
10
89.6731879999999961
20
-185.6087660000000028
11
89.7684259999999909
21
-185.3230519999999899
0
LINE
8
BLACK
6
CONTINUOUS
10
89.7684259999999909
20
-185.3230519999999899
11
89.863664
21
-185.1325760000000002
0
LINE
8
BLACK
6
CONTINUOUS
10
89.863664
20
-185.1325760000000002
11
90.0541399999999896
21
-184.8468609999999899
0
LINE
8
BLACK
6
CONTINUOUS
10
90.0541399999999896
20
-184.8468609999999899
11
90.1493789999999962
21
-184.751622999999995
0
LINE
8
BLACK
6
CONTINUOUS
10
91.7684259999999909
20
-185.7040039999999976
11
91.7684259999999909
21
-187.0373380000000054
0
LINE
8
BLACK
6
CONTINUOUS
10
91.2922349999999909
20
-184.9420999999999822
11
90.8160450000000026
21
-186.3706709999999873
0
LINE
8
BLACK
6
CONTINUOUS
10
90.8160450000000026
20
-186.3706709999999873
11
92.0541399999999896
21
-186.3706709999999873
0
LINE
8
BLACK
6
CONTINUOUS
10
94.339855
20
-187.0373380000000054
11
94.339855
21
-185.0373380000000054
0
LINE
8
BLACK
6
CONTINUOUS
10
95.1969979999999936
20
-187.0373380000000054
11
95.1969979999999936
21
-185.9897189999999796
0
LINE
8
BLACK
6
CONTINUOUS
10
95.1969979999999936
20
-185.9897189999999796
11
95.1017599999999987
21
-185.7992419999999925
0
LINE
8
BLACK
6
CONTINUOUS
10
95.1017599999999987
20
-185.7992419999999925
11
94.9112839999999949
21
-185.7040039999999976
0
LINE
8
BLACK
6
CONTINUOUS
10
94.9112839999999949
20
-185.7040039999999976
11
94.6255689999999987
21
-185.7040039999999976
0
LINE
8
BLACK
6
CONTINUOUS
10
94.6255689999999987
20
-185.7040039999999976
11
94.4350929999999948
21
-185.7992419999999925
0
LINE
8
BLACK
6
CONTINUOUS
10
94.4350929999999948
20
-185.7992419999999925
11
94.339855
21
-185.8944799999999873
0
LINE
8
BLACK
6
CONTINUOUS
10
96.4350929999999948
20
-187.0373380000000054
11
96.244616999999991
21
-186.9420999999999822
0
LINE
8
BLACK
6
CONTINUOUS
10
96.244616999999991
20
-186.9420999999999822
11
96.1493789999999962
21
-186.8468609999999899
0
LINE
8
BLACK
6
CONTINUOUS
10
96.1493789999999962
20
-186.8468609999999899
11
96.0541410000000013
21
-186.6563850000000002
0
LINE
8
BLACK
6
CONTINUOUS
10
96.0541410000000013
20
-186.6563850000000002
11
96.0541410000000013
21
-186.0849570000000028
0
LINE
8
BLACK
6
CONTINUOUS
10
96.0541410000000013
20
-186.0849570000000028
11
96.1493789999999962
21
-185.8944799999999873
0
LINE
8
BLACK
6
CONTINUOUS
10
96.1493789999999962
20
-185.8944799999999873
11
96.244616999999991
21
-185.7992419999999925
0
LINE
8
BLACK
6
CONTINUOUS
10
96.244616999999991
20
-185.7992419999999925
11
96.4350929999999948
21
-185.7040039999999976
0
LINE
8
BLACK
6
CONTINUOUS
10
96.4350929999999948
20
-185.7040039999999976
11
96.720807999999991
21
-185.7040039999999976
0
LINE
8
BLACK
6
CONTINUOUS
10
96.720807999999991
20
-185.7040039999999976
11
96.9112839999999949
21
-185.7992419999999925
0
LINE
8
BLACK
6
CONTINUOUS
10
96.9112839999999949
20
-185.7992419999999925
11
97.0065219999999897
21
-185.8944799999999873
0
LINE
8
BLACK
6
CONTINUOUS
10
97.0065219999999897
20
-185.8944799999999873
11
97.1017599999999987
21
-186.0849570000000028
0
LINE
8
BLACK
6
CONTINUOUS
10
97.1017599999999987
20
-186.0849570000000028
11
97.1017599999999987
21
-186.6563850000000002
0
LINE
8
BLACK
6
CONTINUOUS
10
97.1017599999999987
20
-186.6563850000000002
11
97.0065219999999897
21
-186.8468609999999899
0
LINE
8
BLACK
6
CONTINUOUS
10
97.0065219999999897
20
-186.8468609999999899
11
96.9112839999999949
21
-186.9420999999999822
0
LINE
8
BLACK
6
CONTINUOUS
10
96.9112839999999949
20
-186.9420999999999822
11
96.720807999999991
21
-187.0373380000000054
0
LINE
8
BLACK
6
CONTINUOUS
10
96.720807999999991
20
-187.0373380000000054
11
96.4350929999999948
21
-187.0373380000000054
0
LINE
8
BLACK
6
CONTINUOUS
10
98.244616999999991
20
-187.0373380000000054
11
98.0541410000000013
21
-186.9420999999999822
0
LINE
8
BLACK
6
CONTINUOUS
10
98.0541410000000013
20
-186.9420999999999822
11
97.9589029999999923
21
-186.751622999999995
0
LINE
8
BLACK
6
CONTINUOUS
10
97.9589029999999923
20
-186.751622999999995
11
97.9589029999999923
21
-185.0373380000000054
0
LINE
8
BLACK
6
CONTINUOUS
10
99.7684269999999884
20
-186.9420999999999822
11
99.5779509999999988
21
-187.0373380000000054
0
LINE
8
BLACK
6
CONTINUOUS
10
99.5779509999999988
20
-187.0373380000000054
11
99.1969979999999936
21
-187.0373380000000054
0
LINE
8
BLACK
6
CONTINUOUS
10
99.1969979999999936
20
-187.0373380000000054
11
99.0065219999999897
21
-186.9420999999999822
0
LINE
8
BLACK
6
CONTINUOUS
10
99.0065219999999897
20
-186.9420999999999822
11
98.9112839999999949
21
-186.751622999999995
0
LINE
8
BLACK
6
CONTINUOUS
10
98.9112839999999949
20
-186.751622999999995
11
98.9112839999999949
21
-185.9897189999999796
0
LINE
8
BLACK
6
CONTINUOUS
10
98.9112839999999949
20
-185.9897189999999796
11
99.0065219999999897
21
-185.7992419999999925
0
LINE
8
BLACK
6
CONTINUOUS
10
99.0065219999999897
20
-185.7992419999999925
11
99.1969979999999936
21
-185.7040039999999976
0
LINE
8
BLACK
6
CONTINUOUS
10
99.1969979999999936
20
-185.7040039999999976
11
99.5779509999999988
21
-185.7040039999999976
0
LINE
8
BLACK
6
CONTINUOUS
10
99.5779509999999988
20
-185.7040039999999976
11
99.7684269999999884
21
-185.7992419999999925
0
LINE
8
BLACK
6
CONTINUOUS
10
99.7684269999999884
20
-185.7992419999999925
11
99.8636649999999975
21
-185.9897189999999796
0
LINE
8
BLACK
6
CONTINUOUS
10
99.8636649999999975
20
-185.9897189999999796
11
99.8636649999999975
21
-186.1801949999999977
0
LINE
8
BLACK
6
CONTINUOUS
10
99.8636649999999975
20
-186.1801949999999977
11
98.9112839999999949
21
-186.3706709999999873
0
LINE
8
BLACK
6
CONTINUOUS
10
100.6255699999999962
20
-186.9420999999999822
11
100.816046
21
-187.0373380000000054
0
LINE
8
BLACK
6
CONTINUOUS
10
100.816046
20
-187.0373380000000054
11
101.1969979999999936
21
-187.0373380000000054
0
LINE
8
BLACK
6
CONTINUOUS
10
101.1969979999999936
20
-187.0373380000000054
11
101.3874749999999949
21
-186.9420999999999822
0
LINE
8
BLACK
6
CONTINUOUS
10
101.3874749999999949
20
-186.9420999999999822
11
101.4827129999999897
21
-186.751622999999995
0
LINE
8
BLACK
6
CONTINUOUS
10
101.4827129999999897
20
-186.751622999999995
11
101.4827129999999897
21
-186.6563850000000002
0
LINE
8
BLACK
6
CONTINUOUS
10
101.4827129999999897
20
-186.6563850000000002
11
101.3874749999999949
21
-186.4659089999999821
0
LINE
8
BLACK
6
CONTINUOUS
10
101.3874749999999949
20
-186.4659089999999821
11
101.1969979999999936
21
-186.3706709999999873
0
LINE
8
BLACK
6
CONTINUOUS
10
101.1969979999999936
20
-186.3706709999999873
11
100.9112839999999949
21
-186.3706709999999873
0
LINE
8
BLACK
6
CONTINUOUS
10
100.9112839999999949
20
-186.3706709999999873
11
100.720807999999991
21
-186.2754329999999925
0
LINE
8
BLACK
6
CONTINUOUS
10
100.720807999999991
20
-186.2754329999999925
11
100.6255699999999962
21
-186.0849570000000028
0
LINE
8
BLACK
6
CONTINUOUS
10
100.6255699999999962
20
-186.0849570000000028
11
100.6255699999999962
21
-185.9897189999999796
0
LINE
8
BLACK
6
CONTINUOUS
10
100.6255699999999962
20
-185.9897189999999796
11
100.720807999999991
21
-185.7992419999999925
0
LINE
8
BLACK
6
CONTINUOUS
10
100.720807999999991
20
-185.7992419999999925
11
100.9112839999999949
21
-185.7040039999999976
0
LINE
8
BLACK
6
CONTINUOUS
10
100.9112839999999949
20
-185.7040039999999976
11
101.1969979999999936
21
-185.7040039999999976
0
LINE
8
BLACK
6
CONTINUOUS
10
101.1969979999999936
20
-185.7040039999999976
11
101.3874749999999949
21
-185.7992419999999925
0
LINE
8
BLACK
6
CONTINUOUS
10
102.1493799999999936
20
-187.7992419999999925
11
102.2446179999999885
21
-187.7040039999999976
0
LINE
8
BLACK
6
CONTINUOUS
10
102.2446179999999885
20
-187.7040039999999976
11
102.4350939999999923
21
-187.4182899999999847
0
LINE
8
BLACK
6
CONTINUOUS
10
102.4350939999999923
20
-187.4182899999999847
11
102.5303320000000014
21
-187.2278139999999951
0
LINE
8
BLACK
6
CONTINUOUS
10
102.5303320000000014
20
-187.2278139999999951
11
102.6255699999999962
21
-186.9420999999999822
0
LINE
8
BLACK
6
CONTINUOUS
10
102.6255699999999962
20
-186.9420999999999822
11
102.720807999999991
21
-186.4659089999999821
0
LINE
8
BLACK
6
CONTINUOUS
10
102.720807999999991
20
-186.4659089999999821
11
102.720807999999991
21
-186.0849570000000028
0
LINE
8
BLACK
6
CONTINUOUS
10
102.720807999999991
20
-186.0849570000000028
11
102.6255699999999962
21
-185.6087660000000028
0
LINE
8
BLACK
6
CONTINUOUS
10
102.6255699999999962
20
-185.6087660000000028
11
102.5303320000000014
21
-185.3230519999999899
0
LINE
8
BLACK
6
CONTINUOUS
10
102.5303320000000014
20
-185.3230519999999899
11
102.4350939999999923
21
-185.1325760000000002
0
LINE
8
BLACK
6
CONTINUOUS
10
102.4350939999999923
20
-185.1325760000000002
11
102.2446179999999885
21
-184.8468609999999899
0
LINE
8
BLACK
6
CONTINUOUS
10
102.2446179999999885
20
-184.8468609999999899
11
102.1493799999999936
21
-184.751622999999995
0
LINE
8
BLACK
6
CONTINUOUS
10
105.7684280000000001
20
-187.7992419999999925
11
105.6731889999999936
21
-187.7040039999999976
0
LINE
8
BLACK
6
CONTINUOUS
10
105.6731889999999936
20
-187.7040039999999976
11
105.4827129999999897
21
-187.4182899999999847
0
LINE
8
BLACK
6
CONTINUOUS
10
105.4827129999999897
20
-187.4182899999999847
11
105.3874749999999949
21
-187.2278139999999951
0
LINE
8
BLACK
6
CONTINUOUS
10
105.3874749999999949
20
-187.2278139999999951
11
105.2922370000000001
21
-186.9420999999999822
0
LINE
8
BLACK
6
CONTINUOUS
10
105.2922370000000001
20
-186.9420999999999822
11
105.196998999999991
21
-186.4659089999999821
0
LINE
8
BLACK
6
CONTINUOUS
10
105.196998999999991
20
-186.4659089999999821
11
105.196998999999991
21
-186.0849570000000028
0
LINE
8
BLACK
6
CONTINUOUS
10
105.196998999999991
20
-186.0849570000000028
11
105.2922370000000001
21
-185.6087660000000028
0
LINE
8
BLACK
6
CONTINUOUS
10
105.2922370000000001
20
-185.6087660000000028
11
105.3874749999999949
21
-185.3230519999999899
0
LINE
8
BLACK
6
CONTINUOUS
10
105.3874749999999949
20
-185.3230519999999899
11
105.4827129999999897
21
-185.1325760000000002
0
LINE
8
BLACK
6
CONTINUOUS
10
105.4827129999999897
20
-185.1325760000000002
11
105.6731889999999936
21
-184.8468609999999899
0
LINE
8
BLACK
6
CONTINUOUS
10
105.6731889999999936
20
-184.8468609999999899
11
105.7684280000000001
21
-184.751622999999995
0
LINE
8
BLACK
6
CONTINUOUS
10
106.5303320000000014
20
-185.7040039999999976
11
106.5303320000000014
21
-187.0373380000000054
0
LINE
8
BLACK
6
CONTINUOUS
10
106.5303320000000014
20
-185.8944799999999873
11
106.6255699999999962
21
-185.7992419999999925
0
LINE
8
BLACK
6
CONTINUOUS
10
106.6255699999999962
20
-185.7992419999999925
11
106.816046
21
-185.7040039999999976
0
LINE
8
BLACK
6
CONTINUOUS
10
106.816046
20
-185.7040039999999976
11
107.1017609999999962
21
-185.7040039999999976
0
LINE
8
BLACK
6
CONTINUOUS
10
107.1017609999999962
20
-185.7040039999999976
11
107.2922370000000001
21
-185.7992419999999925
0
LINE
8
BLACK
6
CONTINUOUS
10
107.2922370000000001
20
-185.7992419999999925
11
107.3874749999999949
21
-185.9897189999999796
0
LINE
8
BLACK
6
CONTINUOUS
10
107.3874749999999949
20
-185.9897189999999796
11
107.3874749999999949
21
-187.0373380000000054
0
LINE
8
BLACK
6
CONTINUOUS
10
108.6255699999999962
20
-187.0373380000000054
11
108.4350939999999923
21
-186.9420999999999822
0
LINE
8
BLACK
6
CONTINUOUS
10
108.4350939999999923
20
-186.9420999999999822
11
108.3398559999999975
21
-186.8468609999999899
0
LINE
8
BLACK
6
CONTINUOUS
10
108.3398559999999975
20
-186.8468609999999899
11
108.2446179999999885
21
-186.6563850000000002
0
LINE
8
BLACK
6
CONTINUOUS
10
108.2446179999999885
20
-186.6563850000000002
11
108.2446179999999885
21
-186.0849570000000028
0
LINE
8
BLACK
6
CONTINUOUS
10
108.2446179999999885
20
-186.0849570000000028
11
108.3398559999999975
21
-185.8944799999999873
0
LINE
8
BLACK
6
CONTINUOUS
10
108.3398559999999975
20
-185.8944799999999873
11
108.4350939999999923
21
-185.7992419999999925
0
LINE
8
BLACK
6
CONTINUOUS
10
108.4350939999999923
20
-185.7992419999999925
11
108.6255699999999962
21
-185.7040039999999976
0
LINE
8
BLACK
6
CONTINUOUS
10
108.6255699999999962
20
-185.7040039999999976
11
108.9112849999999924
21
-185.7040039999999976
0
LINE
8
BLACK
6
CONTINUOUS
10
108.9112849999999924
20
-185.7040039999999976
11
109.1017609999999962
21
-185.7992419999999925
0
LINE
8
BLACK
6
CONTINUOUS
10
109.1017609999999962
20
-185.7992419999999925
11
109.196998999999991
21
-185.8944799999999873
0
LINE
8
BLACK
6
CONTINUOUS
10
109.196998999999991
20
-185.8944799999999873
11
109.2922370000000001
21
-186.0849570000000028
0
LINE
8
BLACK
6
CONTINUOUS
10
109.2922370000000001
20
-186.0849570000000028
11
109.2922370000000001
21
-186.6563850000000002
0
LINE
8
BLACK
6
CONTINUOUS
10
109.2922370000000001
20
-186.6563850000000002
11
109.196998999999991
21
-186.8468609999999899
0
LINE
8
BLACK
6
CONTINUOUS
10
109.196998999999991
20
-186.8468609999999899
11
109.1017609999999962
21
-186.9420999999999822
0
LINE
8
BLACK
6
CONTINUOUS
10
109.1017609999999962
20
-186.9420999999999822
11
108.9112849999999924
21
-187.0373380000000054
0
LINE
8
BLACK
6
CONTINUOUS
10
108.9112849999999924
20
-187.0373380000000054
11
108.6255699999999962
21
-187.0373380000000054
0
LINE
8
BLACK
6
CONTINUOUS
10
109.8636659999999949
20
-185.7040039999999976
11
110.6255699999999962
21
-185.7040039999999976
0
LINE
8
BLACK
6
CONTINUOUS
10
110.1493799999999936
20
-185.0373380000000054
11
110.1493799999999936
21
-186.751622999999995
0
LINE
8
BLACK
6
CONTINUOUS
10
110.1493799999999936
20
-186.751622999999995
11
110.2446179999999885
21
-186.9420999999999822
0
LINE
8
BLACK
6
CONTINUOUS
10
110.2446179999999885
20
-186.9420999999999822
11
110.4350939999999923
21
-187.0373380000000054
0
LINE
8
BLACK
6
CONTINUOUS
10
110.4350939999999923
20
-187.0373380000000054
11
110.6255699999999962
21
-187.0373380000000054
0
LINE
8
BLACK
6
CONTINUOUS
10
112.8160469999999975
20
-185.7040039999999976
11
112.8160469999999975
21
-187.7040039999999976
0
LINE
8
BLACK
6
CONTINUOUS
10
112.8160469999999975
20
-185.7992419999999925
11
113.0065230000000014
21
-185.7040039999999976
0
LINE
8
BLACK
6
CONTINUOUS
10
113.0065230000000014
20
-185.7040039999999976
11
113.3874759999999924
21
-185.7040039999999976
0
LINE
8
BLACK
6
CONTINUOUS
10
113.3874759999999924
20
-185.7040039999999976
11
113.5779519999999962
21
-185.7992419999999925
0
LINE
8
BLACK
6
CONTINUOUS
10
113.5779519999999962
20
-185.7992419999999925
11
113.6731899999999911
21
-185.8944799999999873
0
LINE
8
BLACK
6
CONTINUOUS
10
113.6731899999999911
20
-185.8944799999999873
11
113.7684280000000001
21
-186.0849570000000028
0
LINE
8
BLACK
6
CONTINUOUS
10
113.7684280000000001
20
-186.0849570000000028
11
113.7684280000000001
21
-186.6563850000000002
0
LINE
8
BLACK
6
CONTINUOUS
10
113.7684280000000001
20
-186.6563850000000002
11
113.6731899999999911
21
-186.8468609999999899
0
LINE
8
BLACK
6
CONTINUOUS
10
113.6731899999999911
20
-186.8468609999999899
11
113.5779519999999962
21
-186.9420999999999822
0
LINE
8
BLACK
6
CONTINUOUS
10
113.5779519999999962
20
-186.9420999999999822
11
113.3874759999999924
21
-187.0373380000000054
0
LINE
8
BLACK
6
CONTINUOUS
10
113.3874759999999924
20
-187.0373380000000054
11
113.0065230000000014
21
-187.0373380000000054
0
LINE
8
BLACK
6
CONTINUOUS
10
113.0065230000000014
20
-187.0373380000000054
11
112.8160469999999975
21
-186.9420999999999822
0
LINE
8
BLACK
6
CONTINUOUS
10
114.9112849999999924
20
-187.0373380000000054
11
114.7208089999999885
21
-186.9420999999999822
0
LINE
8
BLACK
6
CONTINUOUS
10
114.7208089999999885
20
-186.9420999999999822
11
114.6255709999999937
21
-186.751622999999995
0
LINE
8
BLACK
6
CONTINUOUS
10
114.6255709999999937
20
-186.751622999999995
11
114.6255709999999937
21
-185.0373380000000054
0
LINE
8
BLACK
6
CONTINUOUS
10
116.5303329999999988
20
-187.0373380000000054
11
116.5303329999999988
21
-185.9897189999999796
0
LINE
8
BLACK
6
CONTINUOUS
10
116.5303329999999988
20
-185.9897189999999796
11
116.4350949999999898
21
-185.7992419999999925
0
LINE
8
BLACK
6
CONTINUOUS
10
116.4350949999999898
20
-185.7992419999999925
11
116.2446190000000001
21
-185.7040039999999976
0
LINE
8
BLACK
6
CONTINUOUS
10
116.2446190000000001
20
-185.7040039999999976
11
115.8636659999999949
21
-185.7040039999999976
0
LINE
8
BLACK
6
CONTINUOUS
10
115.8636659999999949
20
-185.7040039999999976
11
115.6731899999999911
21
-185.7992419999999925
0
LINE
8
BLACK
6
CONTINUOUS
10
116.5303329999999988
20
-186.9420999999999822
11
116.339856999999995
21
-187.0373380000000054
0
LINE
8
BLACK
6
CONTINUOUS
10
116.339856999999995
20
-187.0373380000000054
11
115.8636659999999949
21
-187.0373380000000054
0
LINE
8
BLACK
6
CONTINUOUS
10
115.8636659999999949
20
-187.0373380000000054
11
115.6731899999999911
21
-186.9420999999999822
0
LINE
8
BLACK
6
CONTINUOUS
10
115.6731899999999911
20
-186.9420999999999822
11
115.5779519999999962
21
-186.751622999999995
0
LINE
8
BLACK
6
CONTINUOUS
10
115.5779519999999962
20
-186.751622999999995
11
115.5779519999999962
21
-186.5611470000000054
0
LINE
8
BLACK
6
CONTINUOUS
10
115.5779519999999962
20
-186.5611470000000054
11
115.6731899999999911
21
-186.3706709999999873
0
LINE
8
BLACK
6
CONTINUOUS
10
115.6731899999999911
20
-186.3706709999999873
11
115.8636659999999949
21
-186.2754329999999925
0
LINE
8
BLACK
6
CONTINUOUS
10
115.8636659999999949
20
-186.2754329999999925
11
116.339856999999995
21
-186.2754329999999925
0
LINE
8
BLACK
6
CONTINUOUS
10
116.339856999999995
20
-186.2754329999999925
11
116.5303329999999988
21
-186.1801949999999977
0
LINE
8
BLACK
6
CONTINUOUS
10
117.1969999999999885
20
-185.7040039999999976
11
117.9589039999999898
21
-185.7040039999999976
0
LINE
8
BLACK
6
CONTINUOUS
10
117.4827140000000014
20
-185.0373380000000054
11
117.4827140000000014
21
-186.751622999999995
0
LINE
8
BLACK
6
CONTINUOUS
10
117.4827140000000014
20
-186.751622999999995
11
117.5779519999999962
21
-186.9420999999999822
0
LINE
8
BLACK
6
CONTINUOUS
10
117.5779519999999962
20
-186.9420999999999822
11
117.7684280000000001
21
-187.0373380000000054
0
LINE
8
BLACK
6
CONTINUOUS
10
117.7684280000000001
20
-187.0373380000000054
11
117.9589039999999898
21
-187.0373380000000054
0
LINE
8
BLACK
6
CONTINUOUS
10
119.3874759999999924
20
-186.9420999999999822
11
119.1969999999999885
21
-187.0373380000000054
0
LINE
8
BLACK
6
CONTINUOUS
10
119.1969999999999885
20
-187.0373380000000054
11
118.8160469999999975
21
-187.0373380000000054
0
LINE
8
BLACK
6
CONTINUOUS
10
118.8160469999999975
20
-187.0373380000000054
11
118.6255709999999937
21
-186.9420999999999822
0
LINE
8
BLACK
6
CONTINUOUS
10
118.6255709999999937
20
-186.9420999999999822
11
118.5303329999999988
21
-186.751622999999995
0
LINE
8
BLACK
6
CONTINUOUS
10
118.5303329999999988
20
-186.751622999999995
11
118.5303329999999988
21
-185.9897189999999796
0
LINE
8
BLACK
6
CONTINUOUS
10
118.5303329999999988
20
-185.9897189999999796
11
118.6255709999999937
21
-185.7992419999999925
0
LINE
8
BLACK
6
CONTINUOUS
10
118.6255709999999937
20
-185.7992419999999925
11
118.8160469999999975
21
-185.7040039999999976
0
LINE
8
BLACK
6
CONTINUOUS
10
118.8160469999999975
20
-185.7040039999999976
11
119.1969999999999885
21
-185.7040039999999976
0
LINE
8
BLACK
6
CONTINUOUS
10
119.1969999999999885
20
-185.7040039999999976
11
119.3874759999999924
21
-185.7992419999999925
0
LINE
8
BLACK
6
CONTINUOUS
10
119.3874759999999924
20
-185.7992419999999925
11
119.4827140000000014
21
-185.9897189999999796
0
LINE
8
BLACK
6
CONTINUOUS
10
119.4827140000000014
20
-185.9897189999999796
11
119.4827140000000014
21
-186.1801949999999977
0
LINE
8
BLACK
6
CONTINUOUS
10
119.4827140000000014
20
-186.1801949999999977
11
118.5303329999999988
21
-186.3706709999999873
0
LINE
8
BLACK
6
CONTINUOUS
10
121.1969999999999885
20
-187.0373380000000054
11
121.1969999999999885
21
-185.0373380000000054
0
LINE
8
BLACK
6
CONTINUOUS
10
121.1969999999999885
20
-186.9420999999999822
11
121.0065239999999989
21
-187.0373380000000054
0
LINE
8
BLACK
6
CONTINUOUS
10
121.0065239999999989
20
-187.0373380000000054
11
120.6255709999999937
21
-187.0373380000000054
0
LINE
8
BLACK
6
CONTINUOUS
10
120.6255709999999937
20
-187.0373380000000054
11
120.4350949999999898
21
-186.9420999999999822
0
LINE
8
BLACK
6
CONTINUOUS
10
120.4350949999999898
20
-186.9420999999999822
11
120.339856999999995
21
-186.8468609999999899
0
LINE
8
BLACK
6
CONTINUOUS
10
120.339856999999995
20
-186.8468609999999899
11
120.2446190000000001
21
-186.6563850000000002
0
LINE
8
BLACK
6
CONTINUOUS
10
120.2446190000000001
20
-186.6563850000000002
11
120.2446190000000001
21
-186.0849570000000028
0
LINE
8
BLACK
6
CONTINUOUS
10
120.2446190000000001
20
-186.0849570000000028
11
120.339856999999995
21
-185.8944799999999873
0
LINE
8
BLACK
6
CONTINUOUS
10
120.339856999999995
20
-185.8944799999999873
11
120.4350949999999898
21
-185.7992419999999925
0
LINE
8
BLACK
6
CONTINUOUS
10
120.4350949999999898
20
-185.7992419999999925
11
120.6255709999999937
21
-185.7040039999999976
0
LINE
8
BLACK
6
CONTINUOUS
10
120.6255709999999937
20
-185.7040039999999976
11
121.0065239999999989
21
-185.7040039999999976
0
LINE
8
BLACK
6
CONTINUOUS
10
121.0065239999999989
20
-185.7040039999999976
11
121.1969999999999885
21
-185.7992419999999925
0
LINE
8
BLACK
6
CONTINUOUS
10
121.9589050000000015
20
-187.7992419999999925
11
122.0541429999999963
21
-187.7040039999999976
0
LINE
8
BLACK
6
CONTINUOUS
10
122.0541429999999963
20
-187.7040039999999976
11
122.2446190000000001
21
-187.4182899999999847
0
LINE
8
BLACK
6
CONTINUOUS
10
122.2446190000000001
20
-187.4182899999999847
11
122.339856999999995
21
-187.2278139999999951
0
LINE
8
BLACK
6
CONTINUOUS
10
122.339856999999995
20
-187.2278139999999951
11
122.4350949999999898
21
-186.9420999999999822
0
LINE
8
BLACK
6
CONTINUOUS
10
122.4350949999999898
20
-186.9420999999999822
11
122.5303329999999988
21
-186.4659089999999821
0
LINE
8
BLACK
6
CONTINUOUS
10
122.5303329999999988
20
-186.4659089999999821
11
122.5303329999999988
21
-186.0849570000000028
0
LINE
8
BLACK
6
CONTINUOUS
10
122.5303329999999988
20
-186.0849570000000028
11
122.4350949999999898
21
-185.6087660000000028
0
LINE
8
BLACK
6
CONTINUOUS
10
122.4350949999999898
20
-185.6087660000000028
11
122.339856999999995
21
-185.3230519999999899
0
LINE
8
BLACK
6
CONTINUOUS
10
122.339856999999995
20
-185.3230519999999899
11
122.2446190000000001
21
-185.1325760000000002
0
LINE
8
BLACK
6
CONTINUOUS
10
122.2446190000000001
20
-185.1325760000000002
11
122.0541429999999963
21
-184.8468609999999899
0
LINE
8
BLACK
6
CONTINUOUS
10
122.0541429999999963
20
-184.8468609999999899
11
121.9589050000000015
21
-184.751622999999995
0
LINE
8
BLACK
6
CONTINUOUS
10
54.1058639999999968
20
-190.0296139999999809
11
54.1058639999999968
21
-188.6153860000000009
0
LINE
8
BLACK
6
CONTINUOUS
10
54.1058639999999968
20
-188.6153860000000009
11
52.6916359999999955
21
-188.6153860000000009
0
LINE
8
BLACK
6
CONTINUOUS
10
52.6916359999999955
20
-188.6153860000000009
11
52.6916359999999955
21
-190.0296139999999809
0
LINE
8
BLACK
6
CONTINUOUS
10
52.6916359999999955
20
-190.0296139999999809
11
54.1058639999999968
21
-190.0296139999999809
0
LINE
8
BLACK
6
CONTINUOUS
10
56.8160419999999959
20
-188.2373379999999941
11
58.0541369999999972
21
-188.2373379999999941
0
LINE
8
BLACK
6
CONTINUOUS
10
58.0541369999999972
20
-188.2373379999999941
11
57.3874700000000004
21
-188.9992419999999811
0
LINE
8
BLACK
6
CONTINUOUS
10
57.3874700000000004
20
-188.9992419999999811
11
57.6731849999999966
21
-188.9992419999999811
0
LINE
8
BLACK
6
CONTINUOUS
10
57.6731849999999966
20
-188.9992419999999811
11
57.8636610000000005
21
-189.0944800000000043
0
LINE
8
BLACK
6
CONTINUOUS
10
57.8636610000000005
20
-189.0944800000000043
11
57.9588989999999953
21
-189.1897189999999966
0
LINE
8
BLACK
6
CONTINUOUS
10
57.9588989999999953
20
-189.1897189999999966
11
58.0541369999999972
21
-189.3801949999999863
0
LINE
8
BLACK
6
CONTINUOUS
10
58.0541369999999972
20
-189.3801949999999863
11
58.0541369999999972
21
-189.8563849999999888
0
LINE
8
BLACK
6
CONTINUOUS
10
58.0541369999999972
20
-189.8563849999999888
11
57.9588989999999953
21
-190.0468609999999785
0
LINE
8
BLACK
6
CONTINUOUS
10
57.9588989999999953
20
-190.0468609999999785
11
57.8636610000000005
21
-190.1420999999999992
0
LINE
8
BLACK
6
CONTINUOUS
10
57.8636610000000005
20
-190.1420999999999992
11
57.6731849999999966
21
-190.2373379999999941
0
LINE
8
BLACK
6
CONTINUOUS
10
57.6731849999999966
20
-190.2373379999999941
11
57.1017559999999946
21
-190.2373379999999941
0
LINE
8
BLACK
6
CONTINUOUS
10
57.1017559999999946
20
-190.2373379999999941
11
56.9112799999999979
21
-190.1420999999999992
0
LINE
8
BLACK
6
CONTINUOUS
10
56.9112799999999979
20
-190.1420999999999992
11
56.8160419999999959
21
-190.0468609999999785
0
LINE
8
BLACK
6
CONTINUOUS
10
58.9112799999999979
20
-190.0468609999999785
11
59.0065179999999998
21
-190.1420999999999992
0
LINE
8
BLACK
6
CONTINUOUS
10
59.0065179999999998
20
-190.1420999999999992
11
58.9112799999999979
21
-190.2373379999999941
0
LINE
8
BLACK
6
CONTINUOUS
10
58.9112799999999979
20
-190.2373379999999941
11
58.8160419999999959
21
-190.1420999999999992
0
LINE
8
BLACK
6
CONTINUOUS
10
58.8160419999999959
20
-190.1420999999999992
11
58.9112799999999979
21
-190.0468609999999785
0
LINE
8
BLACK
6
CONTINUOUS
10
58.9112799999999979
20
-190.0468609999999785
11
58.9112799999999979
21
-190.2373379999999941
0
LINE
8
BLACK
6
CONTINUOUS
10
59.9588989999999953
20
-190.2373379999999941
11
60.3398509999999959
21
-190.2373379999999941
0
LINE
8
BLACK
6
CONTINUOUS
10
60.3398509999999959
20
-190.2373379999999941
11
60.5303279999999972
21
-190.1420999999999992
0
LINE
8
BLACK
6
CONTINUOUS
10
60.5303279999999972
20
-190.1420999999999992
11
60.6255659999999992
21
-190.0468609999999785
0
LINE
8
BLACK
6
CONTINUOUS
10
60.6255659999999992
20
-190.0468609999999785
11
60.8160419999999959
21
-189.761146999999994
0
LINE
8
BLACK
6
CONTINUOUS
10
60.8160419999999959
20
-189.761146999999994
11
60.9112799999999979
21
-189.3801949999999863
0
LINE
8
BLACK
6
CONTINUOUS
10
60.9112799999999979
20
-189.3801949999999863
11
60.9112799999999979
21
-188.6182900000000018
0
LINE
8
BLACK
6
CONTINUOUS
10
60.9112799999999979
20
-188.6182900000000018
11
60.8160419999999959
21
-188.4278139999999837
0
LINE
8
BLACK
6
CONTINUOUS
10
60.8160419999999959
20
-188.4278139999999837
11
60.720803999999994
21
-188.3325759999999889
0
LINE
8
BLACK
6
CONTINUOUS
10
60.720803999999994
20
-188.3325759999999889
11
60.5303279999999972
21
-188.2373379999999941
0
LINE
8
BLACK
6
CONTINUOUS
10
60.5303279999999972
20
-188.2373379999999941
11
60.1493749999999991
21
-188.2373379999999941
0
LINE
8
BLACK
6
CONTINUOUS
10
60.1493749999999991
20
-188.2373379999999941
11
59.9588989999999953
21
-188.3325759999999889
0
LINE
8
BLACK
6
CONTINUOUS
10
59.9588989999999953
20
-188.3325759999999889
11
59.8636610000000005
21
-188.4278139999999837
0
LINE
8
BLACK
6
CONTINUOUS
10
59.8636610000000005
20
-188.4278139999999837
11
59.7684229999999985
21
-188.6182900000000018
0
LINE
8
BLACK
6
CONTINUOUS
10
59.7684229999999985
20
-188.6182900000000018
11
59.7684229999999985
21
-189.0944800000000043
0
LINE
8
BLACK
6
CONTINUOUS
10
59.7684229999999985
20
-189.0944800000000043
11
59.8636610000000005
21
-189.2849569999999915
0
LINE
8
BLACK
6
CONTINUOUS
10
59.8636610000000005
20
-189.2849569999999915
11
59.9588989999999953
21
-189.3801949999999863
0
LINE
8
BLACK
6
CONTINUOUS
10
59.9588989999999953
20
-189.3801949999999863
11
60.1493749999999991
21
-189.4754329999999811
0
LINE
8
BLACK
6
CONTINUOUS
10
60.1493749999999991
20
-189.4754329999999811
11
60.5303279999999972
21
-189.4754329999999811
0
LINE
8
BLACK
6
CONTINUOUS
10
60.5303279999999972
20
-189.4754329999999811
11
60.720803999999994
21
-189.3801949999999863
0
LINE
8
BLACK
6
CONTINUOUS
10
60.720803999999994
20
-189.3801949999999863
11
60.8160419999999959
21
-189.2849569999999915
0
LINE
8
BLACK
6
CONTINUOUS
10
60.8160419999999959
20
-189.2849569999999915
11
60.9112799999999979
21
-189.0944800000000043
0
LINE
8
BLACK
6
CONTINUOUS
10
62.0541369999999972
20
-189.0944800000000043
11
61.8636610000000005
21
-188.9992419999999811
0
LINE
8
BLACK
6
CONTINUOUS
10
61.8636610000000005
20
-188.9992419999999811
11
61.7684229999999985
21
-188.9040039999999863
0
LINE
8
BLACK
6
CONTINUOUS
10
61.7684229999999985
20
-188.9040039999999863
11
61.6731849999999966
21
-188.7135279999999966
0
LINE
8
BLACK
6
CONTINUOUS
10
61.6731849999999966
20
-188.7135279999999966
11
61.6731849999999966
21
-188.6182900000000018
0
LINE
8
BLACK
6
CONTINUOUS
10
61.6731849999999966
20
-188.6182900000000018
11
61.7684229999999985
21
-188.4278139999999837
0
LINE
8
BLACK
6
CONTINUOUS
10
61.7684229999999985
20
-188.4278139999999837
11
61.8636610000000005
21
-188.3325759999999889
0
LINE
8
BLACK
6
CONTINUOUS
10
61.8636610000000005
20
-188.3325759999999889
11
62.0541369999999972
21
-188.2373379999999941
0
LINE
8
BLACK
6
CONTINUOUS
10
62.0541369999999972
20
-188.2373379999999941
11
62.4350899999999953
21
-188.2373379999999941
0
LINE
8
BLACK
6
CONTINUOUS
10
62.4350899999999953
20
-188.2373379999999941
11
62.6255659999999992
21
-188.3325759999999889
0
LINE
8
BLACK
6
CONTINUOUS
10
62.6255659999999992
20
-188.3325759999999889
11
62.720803999999994
21
-188.4278139999999837
0
LINE
8
BLACK
6
CONTINUOUS
10
62.720803999999994
20
-188.4278139999999837
11
62.8160419999999959
21
-188.6182900000000018
0
LINE
8
BLACK
6
CONTINUOUS
10
62.8160419999999959
20
-188.6182900000000018
11
62.8160419999999959
21
-188.7135279999999966
0
LINE
8
BLACK
6
CONTINUOUS
10
62.8160419999999959
20
-188.7135279999999966
11
62.720803999999994
21
-188.9040039999999863
0
LINE
8
BLACK
6
CONTINUOUS
10
62.720803999999994
20
-188.9040039999999863
11
62.6255659999999992
21
-188.9992419999999811
0
LINE
8
BLACK
6
CONTINUOUS
10
62.6255659999999992
20
-188.9992419999999811
11
62.4350899999999953
21
-189.0944800000000043
0
LINE
8
BLACK
6
CONTINUOUS
10
62.4350899999999953
20
-189.0944800000000043
11
62.0541369999999972
21
-189.0944800000000043
0
LINE
8
BLACK
6
CONTINUOUS
10
62.0541369999999972
20
-189.0944800000000043
11
61.8636610000000005
21
-189.1897189999999966
0
LINE
8
BLACK
6
CONTINUOUS
10
61.8636610000000005
20
-189.1897189999999966
11
61.7684229999999985
21
-189.2849569999999915
0
LINE
8
BLACK
6
CONTINUOUS
10
61.7684229999999985
20
-189.2849569999999915
11
61.6731849999999966
21
-189.4754329999999811
0
LINE
8
BLACK
6
CONTINUOUS
10
61.6731849999999966
20
-189.4754329999999811
11
61.6731849999999966
21
-189.8563849999999888
0
LINE
8
BLACK
6
CONTINUOUS
10
61.6731849999999966
20
-189.8563849999999888
11
61.7684229999999985
21
-190.0468609999999785
0
LINE
8
BLACK
6
CONTINUOUS
10
61.7684229999999985
20
-190.0468609999999785
11
61.8636610000000005
21
-190.1420999999999992
0
LINE
8
BLACK
6
CONTINUOUS
10
61.8636610000000005
20
-190.1420999999999992
11
62.0541369999999972
21
-190.2373379999999941
0
LINE
8
BLACK
6
CONTINUOUS
10
62.0541369999999972
20
-190.2373379999999941
11
62.4350899999999953
21
-190.2373379999999941
0
LINE
8
BLACK
6
CONTINUOUS
10
62.4350899999999953
20
-190.2373379999999941
11
62.6255659999999992
21
-190.1420999999999992
0
LINE
8
BLACK
6
CONTINUOUS
10
62.6255659999999992
20
-190.1420999999999992
11
62.720803999999994
21
-190.0468609999999785
0
LINE
8
BLACK
6
CONTINUOUS
10
62.720803999999994
20
-190.0468609999999785
11
62.8160419999999959
21
-189.8563849999999888
0
LINE
8
BLACK
6
CONTINUOUS
10
62.8160419999999959
20
-189.8563849999999888
11
62.8160419999999959
21
-189.4754329999999811
0
LINE
8
BLACK
6
CONTINUOUS
10
62.8160419999999959
20
-189.4754329999999811
11
62.720803999999994
21
-189.2849569999999915
0
LINE
8
BLACK
6
CONTINUOUS
10
62.720803999999994
20
-189.2849569999999915
11
62.6255659999999992
21
-189.1897189999999966
0
LINE
8
BLACK
6
CONTINUOUS
10
62.6255659999999992
20
-189.1897189999999966
11
62.4350899999999953
21
-189.0944800000000043
0
LINE
8
BLACK
6
CONTINUOUS
10
63.9588989999999953
20
-189.0944800000000043
11
63.7684229999999985
21
-188.9992419999999811
0
LINE
8
BLACK
6
CONTINUOUS
10
63.7684229999999985
20
-188.9992419999999811
11
63.6731849999999966
21
-188.9040039999999863
0
LINE
8
BLACK
6
CONTINUOUS
10
63.6731849999999966
20
-188.9040039999999863
11
63.5779469999999947
21
-188.7135279999999966
0
LINE
8
BLACK
6
CONTINUOUS
10
63.5779469999999947
20
-188.7135279999999966
11
63.5779469999999947
21
-188.6182900000000018
0
LINE
8
BLACK
6
CONTINUOUS
10
63.5779469999999947
20
-188.6182900000000018
11
63.6731849999999966
21
-188.4278139999999837
0
LINE
8
BLACK
6
CONTINUOUS
10
63.6731849999999966
20
-188.4278139999999837
11
63.7684229999999985
21
-188.3325759999999889
0
LINE
8
BLACK
6
CONTINUOUS
10
63.7684229999999985
20
-188.3325759999999889
11
63.9588989999999953
21
-188.2373379999999941
0
LINE
8
BLACK
6
CONTINUOUS
10
63.9588989999999953
20
-188.2373379999999941
11
64.3398519999999934
21
-188.2373379999999941
0
LINE
8
BLACK
6
CONTINUOUS
10
64.3398519999999934
20
-188.2373379999999941
11
64.5303279999999972
21
-188.3325759999999889
0
LINE
8
BLACK
6
CONTINUOUS
10
64.5303279999999972
20
-188.3325759999999889
11
64.6255659999999921
21
-188.4278139999999837
0
LINE
8
BLACK
6
CONTINUOUS
10
64.6255659999999921
20
-188.4278139999999837
11
64.7208040000000011
21
-188.6182900000000018
0
LINE
8
BLACK
6
CONTINUOUS
10
64.7208040000000011
20
-188.6182900000000018
11
64.7208040000000011
21
-188.7135279999999966
0
LINE
8
BLACK
6
CONTINUOUS
10
64.7208040000000011
20
-188.7135279999999966
11
64.6255659999999921
21
-188.9040039999999863
0
LINE
8
BLACK
6
CONTINUOUS
10
64.6255659999999921
20
-188.9040039999999863
11
64.5303279999999972
21
-188.9992419999999811
0
LINE
8
BLACK
6
CONTINUOUS
10
64.5303279999999972
20
-188.9992419999999811
11
64.3398519999999934
21
-189.0944800000000043
0
LINE
8
BLACK
6
CONTINUOUS
10
64.3398519999999934
20
-189.0944800000000043
11
63.9588989999999953
21
-189.0944800000000043
0
LINE
8
BLACK
6
CONTINUOUS
10
63.9588989999999953
20
-189.0944800000000043
11
63.7684229999999985
21
-189.1897189999999966
0
LINE
8
BLACK
6
CONTINUOUS
10
63.7684229999999985
20
-189.1897189999999966
11
63.6731849999999966
21
-189.2849569999999915
0
LINE
8
BLACK
6
CONTINUOUS
10
63.6731849999999966
20
-189.2849569999999915
11
63.5779469999999947
21
-189.4754329999999811
0
LINE
8
BLACK
6
CONTINUOUS
10
63.5779469999999947
20
-189.4754329999999811
11
63.5779469999999947
21
-189.8563849999999888
0
LINE
8
BLACK
6
CONTINUOUS
10
63.5779469999999947
20
-189.8563849999999888
11
63.6731849999999966
21
-190.0468609999999785
0
LINE
8
BLACK
6
CONTINUOUS
10
63.6731849999999966
20
-190.0468609999999785
11
63.7684229999999985
21
-190.1420999999999992
0
LINE
8
BLACK
6
CONTINUOUS
10
63.7684229999999985
20
-190.1420999999999992
11
63.9588989999999953
21
-190.2373379999999941
0
LINE
8
BLACK
6
CONTINUOUS
10
63.9588989999999953
20
-190.2373379999999941
11
64.3398519999999934
21
-190.2373379999999941
0
LINE
8
BLACK
6
CONTINUOUS
10
64.3398519999999934
20
-190.2373379999999941
11
64.5303279999999972
21
-190.1420999999999992
0
LINE
8
BLACK
6
CONTINUOUS
10
64.5303279999999972
20
-190.1420999999999992
11
64.6255659999999921
21
-190.0468609999999785
0
LINE
8
BLACK
6
CONTINUOUS
10
64.6255659999999921
20
-190.0468609999999785
11
64.7208040000000011
21
-189.8563849999999888
0
LINE
8
BLACK
6
CONTINUOUS
10
64.7208040000000011
20
-189.8563849999999888
11
64.7208040000000011
21
-189.4754329999999811
0
LINE
8
BLACK
6
CONTINUOUS
10
64.7208040000000011
20
-189.4754329999999811
11
64.6255659999999921
21
-189.2849569999999915
0
LINE
8
BLACK
6
CONTINUOUS
10
64.6255659999999921
20
-189.2849569999999915
11
64.5303279999999972
21
-189.1897189999999966
0
LINE
8
BLACK
6
CONTINUOUS
10
64.5303279999999972
20
-189.1897189999999966
11
64.3398519999999934
21
-189.0944800000000043
0
LINE
8
BLACK
6
CONTINUOUS
10
65.5779469999999947
20
-190.2373379999999941
11
65.5779469999999947
21
-188.9040039999999863
0
LINE
8
BLACK
6
CONTINUOUS
10
65.5779469999999947
20
-189.0944800000000043
11
65.6731850000000037
21
-188.9992419999999811
0
LINE
8
BLACK
6
CONTINUOUS
10
65.6731850000000037
20
-188.9992419999999811
11
65.8636609999999934
21
-188.9040039999999863
0
LINE
8
BLACK
6
CONTINUOUS
10
65.8636609999999934
20
-188.9040039999999863
11
66.1493760000000037
21
-188.9040039999999863
0
LINE
8
BLACK
6
CONTINUOUS
10
66.1493760000000037
20
-188.9040039999999863
11
66.3398519999999934
21
-188.9992419999999811
0
LINE
8
BLACK
6
CONTINUOUS
10
66.3398519999999934
20
-188.9992419999999811
11
66.4350900000000024
21
-189.1897189999999966
0
LINE
8
BLACK
6
CONTINUOUS
10
66.4350900000000024
20
-189.1897189999999966
11
66.4350900000000024
21
-190.2373379999999941
0
LINE
8
BLACK
6
CONTINUOUS
10
66.4350900000000024
20
-189.1897189999999966
11
66.5303279999999972
21
-188.9992419999999811
0
LINE
8
BLACK
6
CONTINUOUS
10
66.5303279999999972
20
-188.9992419999999811
11
66.7208040000000011
21
-188.9040039999999863
0
LINE
8
BLACK
6
CONTINUOUS
10
66.7208040000000011
20
-188.9040039999999863
11
67.0065179999999998
21
-188.9040039999999863
0
LINE
8
BLACK
6
CONTINUOUS
10
67.0065179999999998
20
-188.9040039999999863
11
67.1969950000000011
21
-188.9992419999999811
0
LINE
8
BLACK
6
CONTINUOUS
10
67.1969950000000011
20
-188.9992419999999811
11
67.292232999999996
21
-189.1897189999999966
0
LINE
8
BLACK
6
CONTINUOUS
10
67.292232999999996
20
-189.1897189999999966
11
67.292232999999996
21
-190.2373379999999941
0
LINE
8
BLACK
6
CONTINUOUS
10
68.2446139999999986
20
-190.2373379999999941
11
68.2446139999999986
21
-188.9040039999999863
0
LINE
8
BLACK
6
CONTINUOUS
10
68.2446139999999986
20
-189.0944800000000043
11
68.3398519999999934
21
-188.9992419999999811
0
LINE
8
BLACK
6
CONTINUOUS
10
68.3398519999999934
20
-188.9992419999999811
11
68.5303279999999972
21
-188.9040039999999863
0
LINE
8
BLACK
6
CONTINUOUS
10
68.5303279999999972
20
-188.9040039999999863
11
68.8160429999999934
21
-188.9040039999999863
0
LINE
8
BLACK
6
CONTINUOUS
10
68.8160429999999934
20
-188.9040039999999863
11
69.0065189999999973
21
-188.9992419999999811
0
LINE
8
BLACK
6
CONTINUOUS
10
69.0065189999999973
20
-188.9992419999999811
11
69.1017569999999921
21
-189.1897189999999966
0
LINE
8
BLACK
6
CONTINUOUS
10
69.1017569999999921
20
-189.1897189999999966
11
69.1017569999999921
21
-190.2373379999999941
0
LINE
8
BLACK
6
CONTINUOUS
10
69.1017569999999921
20
-189.1897189999999966
11
69.1969950000000011
21
-188.9992419999999811
0
LINE
8
BLACK
6
CONTINUOUS
10
69.1969950000000011
20
-188.9992419999999811
11
69.3874709999999908
21
-188.9040039999999863
0
LINE
8
BLACK
6
CONTINUOUS
10
69.3874709999999908
20
-188.9040039999999863
11
69.6731850000000037
21
-188.9040039999999863
0
LINE
8
BLACK
6
CONTINUOUS
10
69.6731850000000037
20
-188.9040039999999863
11
69.8636619999999908
21
-188.9992419999999811
0
LINE
8
BLACK
6
CONTINUOUS
10
69.8636619999999908
20
-188.9992419999999811
11
69.9588999999999999
21
-189.1897189999999966
0
LINE
8
BLACK
6
CONTINUOUS
10
69.9588999999999999
20
-189.1897189999999966
11
69.9588999999999999
21
-190.2373379999999941
0
LINE
8
BLACK
6
CONTINUOUS
10
73.8636619999999908
20
-188.1420999999999992
11
72.1493770000000012
21
-190.7135279999999966
0
LINE
8
BLACK
6
CONTINUOUS
10
76.4350909999999999
20
-188.2373379999999941
11
76.6255680000000012
21
-188.2373379999999941
0
LINE
8
BLACK
6
CONTINUOUS
10
76.6255680000000012
20
-188.2373379999999941
11
76.8160439999999909
21
-188.3325759999999889
0
LINE
8
BLACK
6
CONTINUOUS
10
76.8160439999999909
20
-188.3325759999999889
11
76.9112819999999999
21
-188.4278139999999837
0
LINE
8
BLACK
6
CONTINUOUS
10
76.9112819999999999
20
-188.4278139999999837
11
77.0065199999999948
21
-188.6182900000000018
0
LINE
8
BLACK
6
CONTINUOUS
10
77.0065199999999948
20
-188.6182900000000018
11
77.1017579999999896
21
-188.9992419999999811
0
LINE
8
BLACK
6
CONTINUOUS
10
77.1017579999999896
20
-188.9992419999999811
11
77.1017579999999896
21
-189.4754329999999811
0
LINE
8
BLACK
6
CONTINUOUS
10
77.1017579999999896
20
-189.4754329999999811
11
77.0065199999999948
21
-189.8563849999999888
0
LINE
8
BLACK
6
CONTINUOUS
10
77.0065199999999948
20
-189.8563849999999888
11
76.9112819999999999
21
-190.0468609999999785
0
LINE
8
BLACK
6
CONTINUOUS
10
76.9112819999999999
20
-190.0468609999999785
11
76.8160439999999909
21
-190.1420999999999992
0
LINE
8
BLACK
6
CONTINUOUS
10
76.8160439999999909
20
-190.1420999999999992
11
76.6255680000000012
21
-190.2373379999999941
0
LINE
8
BLACK
6
CONTINUOUS
10
76.6255680000000012
20
-190.2373379999999941
11
76.4350909999999999
21
-190.2373379999999941
0
LINE
8
BLACK
6
CONTINUOUS
10
76.4350909999999999
20
-190.2373379999999941
11
76.244614999999996
21
-190.1420999999999992
0
LINE
8
BLACK
6
CONTINUOUS
10
76.244614999999996
20
-190.1420999999999992
11
76.1493770000000012
21
-190.0468609999999785
0
LINE
8
BLACK
6
CONTINUOUS
10
76.1493770000000012
20
-190.0468609999999785
11
76.0541389999999922
21
-189.8563849999999888
0
LINE
8
BLACK
6
CONTINUOUS
10
76.0541389999999922
20
-189.8563849999999888
11
75.9589009999999973
21
-189.4754329999999811
0
LINE
8
BLACK
6
CONTINUOUS
10
75.9589009999999973
20
-189.4754329999999811
11
75.9589009999999973
21
-188.9992419999999811
0
LINE
8
BLACK
6
CONTINUOUS
10
75.9589009999999973
20
-188.9992419999999811
11
76.0541389999999922
21
-188.6182900000000018
0
LINE
8
BLACK
6
CONTINUOUS
10
76.0541389999999922
20
-188.6182900000000018
11
76.1493770000000012
21
-188.4278139999999837
0
LINE
8
BLACK
6
CONTINUOUS
10
76.1493770000000012
20
-188.4278139999999837
11
76.244614999999996
21
-188.3325759999999889
0
LINE
8
BLACK
6
CONTINUOUS
10
76.244614999999996
20
-188.3325759999999889
11
76.4350909999999999
21
-188.2373379999999941
0
LINE
8
BLACK
6
CONTINUOUS
10
77.9589009999999973
20
-190.0468609999999785
11
78.0541389999999922
21
-190.1420999999999992
0
LINE
8
BLACK
6
CONTINUOUS
10
78.0541389999999922
20
-190.1420999999999992
11
77.9589009999999973
21
-190.2373379999999941
0
LINE
8
BLACK
6
CONTINUOUS
10
77.9589009999999973
20
-190.2373379999999941
11
77.8636630000000025
21
-190.1420999999999992
0
LINE
8
BLACK
6
CONTINUOUS
10
77.8636630000000025
20
-190.1420999999999992
11
77.9589009999999973
21
-190.0468609999999785
0
LINE
8
BLACK
6
CONTINUOUS
10
77.9589009999999973
20
-190.0468609999999785
11
77.9589009999999973
21
-190.2373379999999941
0
LINE
8
BLACK
6
CONTINUOUS
10
79.9589009999999973
20
-190.2373379999999941
11
78.8160439999999909
21
-190.2373379999999941
0
LINE
8
BLACK
6
CONTINUOUS
10
79.3874720000000025
20
-190.2373379999999941
11
79.3874720000000025
21
-188.2373379999999941
0
LINE
8
BLACK
6
CONTINUOUS
10
79.3874720000000025
20
-188.2373379999999941
11
79.1969959999999986
21
-188.5230519999999785
0
LINE
8
BLACK
6
CONTINUOUS
10
79.1969959999999986
20
-188.5230519999999785
11
79.0065199999999948
21
-188.7135279999999966
0
LINE
8
BLACK
6
CONTINUOUS
10
79.0065199999999948
20
-188.7135279999999966
11
78.8160439999999909
21
-188.8087659999999914
0
LINE
8
BLACK
6
CONTINUOUS
10
81.7684249999999935
20
-188.2373379999999941
11
80.8160439999999909
21
-188.2373379999999941
0
LINE
8
BLACK
6
CONTINUOUS
10
80.8160439999999909
20
-188.2373379999999941
11
80.7208059999999961
21
-189.1897189999999966
0
LINE
8
BLACK
6
CONTINUOUS
10
80.7208059999999961
20
-189.1897189999999966
11
80.8160439999999909
21
-189.0944800000000043
0
LINE
8
BLACK
6
CONTINUOUS
10
80.8160439999999909
20
-189.0944800000000043
11
81.0065199999999948
21
-188.9992419999999811
0
LINE
8
BLACK
6
CONTINUOUS
10
81.0065199999999948
20
-188.9992419999999811
11
81.4827109999999948
21
-188.9992419999999811
0
LINE
8
BLACK
6
CONTINUOUS
10
81.4827109999999948
20
-188.9992419999999811
11
81.6731869999999986
21
-189.0944800000000043
0
LINE
8
BLACK
6
CONTINUOUS
10
81.6731869999999986
20
-189.0944800000000043
11
81.7684249999999935
21
-189.1897189999999966
0
LINE
8
BLACK
6
CONTINUOUS
10
81.7684249999999935
20
-189.1897189999999966
11
81.8636630000000025
21
-189.3801949999999863
0
LINE
8
BLACK
6
CONTINUOUS
10
81.8636630000000025
20
-189.3801949999999863
11
81.8636630000000025
21
-189.8563849999999888
0
LINE
8
BLACK
6
CONTINUOUS
10
81.8636630000000025
20
-189.8563849999999888
11
81.7684249999999935
21
-190.0468609999999785
0
LINE
8
BLACK
6
CONTINUOUS
10
81.7684249999999935
20
-190.0468609999999785
11
81.6731869999999986
21
-190.1420999999999992
0
LINE
8
BLACK
6
CONTINUOUS
10
81.6731869999999986
20
-190.1420999999999992
11
81.4827109999999948
21
-190.2373379999999941
0
LINE
8
BLACK
6
CONTINUOUS
10
81.4827109999999948
20
-190.2373379999999941
11
81.0065199999999948
21
-190.2373379999999941
0
LINE
8
BLACK
6
CONTINUOUS
10
81.0065199999999948
20
-190.2373379999999941
11
80.8160439999999909
21
-190.1420999999999992
0
LINE
8
BLACK
6
CONTINUOUS
10
80.8160439999999909
20
-190.1420999999999992
11
80.7208059999999961
21
-190.0468609999999785
0
LINE
8
BLACK
6
CONTINUOUS
10
82.5303299999999922
20
-188.2373379999999941
11
83.8636630000000025
21
-188.2373379999999941
0
LINE
8
BLACK
6
CONTINUOUS
10
83.8636630000000025
20
-188.2373379999999941
11
83.0065199999999948
21
-190.2373379999999941
0
LINE
8
BLACK
6
CONTINUOUS
10
85.0065199999999948
20
-188.2373379999999941
11
85.1969969999999961
21
-188.2373379999999941
0
LINE
8
BLACK
6
CONTINUOUS
10
85.1969969999999961
20
-188.2373379999999941
11
85.387473
21
-188.3325759999999889
0
LINE
8
BLACK
6
CONTINUOUS
10
85.387473
20
-188.3325759999999889
11
85.4827109999999948
21
-188.4278139999999837
0
LINE
8
BLACK
6
CONTINUOUS
10
85.4827109999999948
20
-188.4278139999999837
11
85.5779489999999896
21
-188.6182900000000018
0
LINE
8
BLACK
6
CONTINUOUS
10
85.5779489999999896
20
-188.6182900000000018
11
85.6731869999999986
21
-188.9992419999999811
0
LINE
8
BLACK
6
CONTINUOUS
10
85.6731869999999986
20
-188.9992419999999811
11
85.6731869999999986
21
-189.4754329999999811
0
LINE
8
BLACK
6
CONTINUOUS
10
85.6731869999999986
20
-189.4754329999999811
11
85.5779489999999896
21
-189.8563849999999888
0
LINE
8
BLACK
6
CONTINUOUS
10
85.5779489999999896
20
-189.8563849999999888
11
85.4827109999999948
21
-190.0468609999999785
0
LINE
8
BLACK
6
CONTINUOUS
10
85.4827109999999948
20
-190.0468609999999785
11
85.387473
21
-190.1420999999999992
0
LINE
8
BLACK
6
CONTINUOUS
10
85.387473
20
-190.1420999999999992
11
85.1969969999999961
21
-190.2373379999999941
0
LINE
8
BLACK
6
CONTINUOUS
10
85.1969969999999961
20
-190.2373379999999941
11
85.0065199999999948
21
-190.2373379999999941
0
LINE
8
BLACK
6
CONTINUOUS
10
85.0065199999999948
20
-190.2373379999999941
11
84.8160439999999909
21
-190.1420999999999992
0
LINE
8
BLACK
6
CONTINUOUS
10
84.8160439999999909
20
-190.1420999999999992
11
84.7208059999999961
21
-190.0468609999999785
0
LINE
8
BLACK
6
CONTINUOUS
10
84.7208059999999961
20
-190.0468609999999785
11
84.6255680000000012
21
-189.8563849999999888
0
LINE
8
BLACK
6
CONTINUOUS
10
84.6255680000000012
20
-189.8563849999999888
11
84.5303299999999922
21
-189.4754329999999811
0
LINE
8
BLACK
6
CONTINUOUS
10
84.5303299999999922
20
-189.4754329999999811
11
84.5303299999999922
21
-188.9992419999999811
0
LINE
8
BLACK
6
CONTINUOUS
10
84.5303299999999922
20
-188.9992419999999811
11
84.6255680000000012
21
-188.6182900000000018
0
LINE
8
BLACK
6
CONTINUOUS
10
84.6255680000000012
20
-188.6182900000000018
11
84.7208059999999961
21
-188.4278139999999837
0
LINE
8
BLACK
6
CONTINUOUS
10
84.7208059999999961
20
-188.4278139999999837
11
84.8160439999999909
21
-188.3325759999999889
0
LINE
8
BLACK
6
CONTINUOUS
10
84.8160439999999909
20
-188.3325759999999889
11
85.0065199999999948
21
-188.2373379999999941
0
LINE
8
BLACK
6
CONTINUOUS
10
86.4350919999999974
20
-188.2373379999999941
11
86.4350919999999974
21
-188.6182900000000018
0
LINE
8
BLACK
6
CONTINUOUS
10
87.1969969999999961
20
-188.2373379999999941
11
87.1969969999999961
21
-188.6182900000000018
0
LINE
8
BLACK
6
CONTINUOUS
10
90.1493789999999962
20
-190.9992419999999811
11
90.0541399999999896
21
-190.9040039999999863
0
LINE
8
BLACK
6
CONTINUOUS
10
90.0541399999999896
20
-190.9040039999999863
11
89.863664
21
-190.6182900000000018
0
LINE
8
BLACK
6
CONTINUOUS
10
89.863664
20
-190.6182900000000018
11
89.7684259999999909
21
-190.4278139999999837
0
LINE
8
BLACK
6
CONTINUOUS
10
89.7684259999999909
20
-190.4278139999999837
11
89.6731879999999961
21
-190.1420999999999992
0
LINE
8
BLACK
6
CONTINUOUS
10
89.6731879999999961
20
-190.1420999999999992
11
89.5779500000000013
21
-189.6659089999999992
0
LINE
8
BLACK
6
CONTINUOUS
10
89.5779500000000013
20
-189.6659089999999992
11
89.5779500000000013
21
-189.2849569999999915
0
LINE
8
BLACK
6
CONTINUOUS
10
89.5779500000000013
20
-189.2849569999999915
11
89.6731879999999961
21
-188.8087659999999914
0
LINE
8
BLACK
6
CONTINUOUS
10
89.6731879999999961
20
-188.8087659999999914
11
89.7684259999999909
21
-188.5230519999999785
0
LINE
8
BLACK
6
CONTINUOUS
10
89.7684259999999909
20
-188.5230519999999785
11
89.863664
21
-188.3325759999999889
0
LINE
8
BLACK
6
CONTINUOUS
10
89.863664
20
-188.3325759999999889
11
90.0541399999999896
21
-188.0468609999999785
0
LINE
8
BLACK
6
CONTINUOUS
10
90.0541399999999896
20
-188.0468609999999785
11
90.1493789999999962
21
-187.9516229999999837
0
LINE
8
BLACK
6
CONTINUOUS
10
91.863664
20
-188.2373379999999941
11
90.9112829999999974
21
-188.2373379999999941
0
LINE
8
BLACK
6
CONTINUOUS
10
90.9112829999999974
20
-188.2373379999999941
11
90.8160450000000026
21
-189.1897189999999966
0
LINE
8
BLACK
6
CONTINUOUS
10
90.8160450000000026
20
-189.1897189999999966
11
90.9112829999999974
21
-189.0944800000000043
0
LINE
8
BLACK
6
CONTINUOUS
10
90.9112829999999974
20
-189.0944800000000043
11
91.1017590000000013
21
-188.9992419999999811
0
LINE
8
BLACK
6
CONTINUOUS
10
91.1017590000000013
20
-188.9992419999999811
11
91.5779500000000013
21
-188.9992419999999811
0
LINE
8
BLACK
6
CONTINUOUS
10
91.5779500000000013
20
-188.9992419999999811
11
91.7684259999999909
21
-189.0944800000000043
0
LINE
8
BLACK
6
CONTINUOUS
10
91.7684259999999909
20
-189.0944800000000043
11
91.863664
21
-189.1897189999999966
0
LINE
8
BLACK
6
CONTINUOUS
10
91.863664
20
-189.1897189999999966
11
91.9589019999999948
21
-189.3801949999999863
0
LINE
8
BLACK
6
CONTINUOUS
10
91.9589019999999948
20
-189.3801949999999863
11
91.9589019999999948
21
-189.8563849999999888
0
LINE
8
BLACK
6
CONTINUOUS
10
91.9589019999999948
20
-189.8563849999999888
11
91.863664
21
-190.0468609999999785
0
LINE
8
BLACK
6
CONTINUOUS
10
91.863664
20
-190.0468609999999785
11
91.7684259999999909
21
-190.1420999999999992
0
LINE
8
BLACK
6
CONTINUOUS
10
91.7684259999999909
20
-190.1420999999999992
11
91.5779500000000013
21
-190.2373379999999941
0
LINE
8
BLACK
6
CONTINUOUS
10
91.5779500000000013
20
-190.2373379999999941
11
91.1017590000000013
21
-190.2373379999999941
0
LINE
8
BLACK
6
CONTINUOUS
10
91.1017590000000013
20
-190.2373379999999941
11
90.9112829999999974
21
-190.1420999999999992
0
LINE
8
BLACK
6
CONTINUOUS
10
90.9112829999999974
20
-190.1420999999999992
11
90.8160450000000026
21
-190.0468609999999785
0
LINE
8
BLACK
6
CONTINUOUS
10
93.6731879999999961
20
-188.9040039999999863
11
93.6731879999999961
21
-190.2373379999999941
0
LINE
8
BLACK
6
CONTINUOUS
10
93.1969969999999961
20
-188.1420999999999992
11
92.7208069999999935
21
-189.5706710000000044
0
LINE
8
BLACK
6
CONTINUOUS
10
92.7208069999999935
20
-189.5706710000000044
11
93.9589019999999948
21
-189.5706710000000044
0
LINE
8
BLACK
6
CONTINUOUS
10
96.244616999999991
20
-190.2373379999999941
11
96.244616999999991
21
-188.2373379999999941
0
LINE
8
BLACK
6
CONTINUOUS
10
97.1017599999999987
20
-190.2373379999999941
11
97.1017599999999987
21
-189.1897189999999966
0
LINE
8
BLACK
6
CONTINUOUS
10
97.1017599999999987
20
-189.1897189999999966
11
97.0065219999999897
21
-188.9992419999999811
0
LINE
8
BLACK
6
CONTINUOUS
10
97.0065219999999897
20
-188.9992419999999811
11
96.816046
21
-188.9040039999999863
0
LINE
8
BLACK
6
CONTINUOUS
10
96.816046
20
-188.9040039999999863
11
96.5303309999999897
21
-188.9040039999999863
0
LINE
8
BLACK
6
CONTINUOUS
10
96.5303309999999897
20
-188.9040039999999863
11
96.339855
21
-188.9992419999999811
0
LINE
8
BLACK
6
CONTINUOUS
10
96.339855
20
-188.9992419999999811
11
96.244616999999991
21
-189.0944800000000043
0
LINE
8
BLACK
6
CONTINUOUS
10
98.339855
20
-190.2373379999999941
11
98.1493789999999962
21
-190.1420999999999992
0
LINE
8
BLACK
6
CONTINUOUS
10
98.1493789999999962
20
-190.1420999999999992
11
98.0541410000000013
21
-190.0468609999999785
0
LINE
8
BLACK
6
CONTINUOUS
10
98.0541410000000013
20
-190.0468609999999785
11
97.9589029999999923
21
-189.8563849999999888
0
LINE
8
BLACK
6
CONTINUOUS
10
97.9589029999999923
20
-189.8563849999999888
11
97.9589029999999923
21
-189.2849569999999915
0
LINE
8
BLACK
6
CONTINUOUS
10
97.9589029999999923
20
-189.2849569999999915
11
98.0541410000000013
21
-189.0944800000000043
0
LINE
8
BLACK
6
CONTINUOUS
10
98.0541410000000013
20
-189.0944800000000043
11
98.1493789999999962
21
-188.9992419999999811
0
LINE
8
BLACK
6
CONTINUOUS
10
98.1493789999999962
20
-188.9992419999999811
11
98.339855
21
-188.9040039999999863
0
LINE
8
BLACK
6
CONTINUOUS
10
98.339855
20
-188.9040039999999863
11
98.6255699999999962
21
-188.9040039999999863
0
LINE
8
BLACK
6
CONTINUOUS
10
98.6255699999999962
20
-188.9040039999999863
11
98.816046
21
-188.9992419999999811
0
LINE
8
BLACK
6
CONTINUOUS
10
98.816046
20
-188.9992419999999811
11
98.9112839999999949
21
-189.0944800000000043
0
LINE
8
BLACK
6
CONTINUOUS
10
98.9112839999999949
20
-189.0944800000000043
11
99.0065219999999897
21
-189.2849569999999915
0
LINE
8
BLACK
6
CONTINUOUS
10
99.0065219999999897
20
-189.2849569999999915
11
99.0065219999999897
21
-189.8563849999999888
0
LINE
8
BLACK
6
CONTINUOUS
10
99.0065219999999897
20
-189.8563849999999888
11
98.9112839999999949
21
-190.0468609999999785
0
LINE
8
BLACK
6
CONTINUOUS
10
98.9112839999999949
20
-190.0468609999999785
11
98.816046
21
-190.1420999999999992
0
LINE
8
BLACK
6
CONTINUOUS
10
98.816046
20
-190.1420999999999992
11
98.6255699999999962
21
-190.2373379999999941
0
LINE
8
BLACK
6
CONTINUOUS
10
98.6255699999999962
20
-190.2373379999999941
11
98.339855
21
-190.2373379999999941
0
LINE
8
BLACK
6
CONTINUOUS
10
100.1493789999999962
20
-190.2373379999999941
11
99.9589029999999923
21
-190.1420999999999992
0
LINE
8
BLACK
6
CONTINUOUS
10
99.9589029999999923
20
-190.1420999999999992
11
99.8636649999999975
21
-189.9516229999999837
0
LINE
8
BLACK
6
CONTINUOUS
10
99.8636649999999975
20
-189.9516229999999837
11
99.8636649999999975
21
-188.2373379999999941
0
LINE
8
BLACK
6
CONTINUOUS
10
101.6731889999999936
20
-190.1420999999999992
11
101.4827129999999897
21
-190.2373379999999941
0
LINE
8
BLACK
6
CONTINUOUS
10
101.4827129999999897
20
-190.2373379999999941
11
101.1017599999999987
21
-190.2373379999999941
0
LINE
8
BLACK
6
CONTINUOUS
10
101.1017599999999987
20
-190.2373379999999941
11
100.9112839999999949
21
-190.1420999999999992
0
LINE
8
BLACK
6
CONTINUOUS
10
100.9112839999999949
20
-190.1420999999999992
11
100.816046
21
-189.9516229999999837
0
LINE
8
BLACK
6
CONTINUOUS
10
100.816046
20
-189.9516229999999837
11
100.816046
21
-189.1897189999999966
0
LINE
8
BLACK
6
CONTINUOUS
10
100.816046
20
-189.1897189999999966
11
100.9112839999999949
21
-188.9992419999999811
0
LINE
8
BLACK
6
CONTINUOUS
10
100.9112839999999949
20
-188.9992419999999811
11
101.1017599999999987
21
-188.9040039999999863
0
LINE
8
BLACK
6
CONTINUOUS
10
101.1017599999999987
20
-188.9040039999999863
11
101.4827129999999897
21
-188.9040039999999863
0
LINE
8
BLACK
6
CONTINUOUS
10
101.4827129999999897
20
-188.9040039999999863
11
101.6731889999999936
21
-188.9992419999999811
0
LINE
8
BLACK
6
CONTINUOUS
10
101.6731889999999936
20
-188.9992419999999811
11
101.7684269999999884
21
-189.1897189999999966
0
LINE
8
BLACK
6
CONTINUOUS
10
101.7684269999999884
20
-189.1897189999999966
11
101.7684269999999884
21
-189.3801949999999863
0
LINE
8
BLACK
6
CONTINUOUS
10
101.7684269999999884
20
-189.3801949999999863
11
100.816046
21
-189.5706710000000044
0
LINE
8
BLACK
6
CONTINUOUS
10
102.5303320000000014
20
-190.1420999999999992
11
102.720807999999991
21
-190.2373379999999941
0
LINE
8
BLACK
6
CONTINUOUS
10
102.720807999999991
20
-190.2373379999999941
11
103.1017599999999987
21
-190.2373379999999941
0
LINE
8
BLACK
6
CONTINUOUS
10
103.1017599999999987
20
-190.2373379999999941
11
103.2922370000000001
21
-190.1420999999999992
0
LINE
8
BLACK
6
CONTINUOUS
10
103.2922370000000001
20
-190.1420999999999992
11
103.3874749999999949
21
-189.9516229999999837
0
LINE
8
BLACK
6
CONTINUOUS
10
103.3874749999999949
20
-189.9516229999999837
11
103.3874749999999949
21
-189.8563849999999888
0
LINE
8
BLACK
6
CONTINUOUS
10
103.3874749999999949
20
-189.8563849999999888
11
103.2922370000000001
21
-189.6659089999999992
0
LINE
8
BLACK
6
CONTINUOUS
10
103.2922370000000001
20
-189.6659089999999992
11
103.1017599999999987
21
-189.5706710000000044
0
LINE
8
BLACK
6
CONTINUOUS
10
103.1017599999999987
20
-189.5706710000000044
11
102.816046
21
-189.5706710000000044
0
LINE
8
BLACK
6
CONTINUOUS
10
102.816046
20
-189.5706710000000044
11
102.6255699999999962
21
-189.4754329999999811
0
LINE
8
BLACK
6
CONTINUOUS
10
102.6255699999999962
20
-189.4754329999999811
11
102.5303320000000014
21
-189.2849569999999915
0
LINE
8
BLACK
6
CONTINUOUS
10
102.5303320000000014
20
-189.2849569999999915
11
102.5303320000000014
21
-189.1897189999999966
0
LINE
8
BLACK
6
CONTINUOUS
10
102.5303320000000014
20
-189.1897189999999966
11
102.6255699999999962
21
-188.9992419999999811
0
LINE
8
BLACK
6
CONTINUOUS
10
102.6255699999999962
20
-188.9992419999999811
11
102.816046
21
-188.9040039999999863
0
LINE
8
BLACK
6
CONTINUOUS
10
102.816046
20
-188.9040039999999863
11
103.1017599999999987
21
-188.9040039999999863
0
LINE
8
BLACK
6
CONTINUOUS
10
103.1017599999999987
20
-188.9040039999999863
11
103.2922370000000001
21
-188.9992419999999811
0
LINE
8
BLACK
6
CONTINUOUS
10
104.0541419999999988
20
-190.9992419999999811
11
104.1493799999999936
21
-190.9040039999999863
0
LINE
8
BLACK
6
CONTINUOUS
10
104.1493799999999936
20
-190.9040039999999863
11
104.3398559999999975
21
-190.6182900000000018
0
LINE
8
BLACK
6
CONTINUOUS
10
104.3398559999999975
20
-190.6182900000000018
11
104.4350939999999923
21
-190.4278139999999837
0
LINE
8
BLACK
6
CONTINUOUS
10
104.4350939999999923
20
-190.4278139999999837
11
104.5303320000000014
21
-190.1420999999999992
0
LINE
8
BLACK
6
CONTINUOUS
10
104.5303320000000014
20
-190.1420999999999992
11
104.6255699999999962
21
-189.6659089999999992
0
LINE
8
BLACK
6
CONTINUOUS
10
104.6255699999999962
20
-189.6659089999999992
11
104.6255699999999962
21
-189.2849569999999915
0
LINE
8
BLACK
6
CONTINUOUS
10
104.6255699999999962
20
-189.2849569999999915
11
104.5303320000000014
21
-188.8087659999999914
0
LINE
8
BLACK
6
CONTINUOUS
10
104.5303320000000014
20
-188.8087659999999914
11
104.4350939999999923
21
-188.5230519999999785
0
LINE
8
BLACK
6
CONTINUOUS
10
104.4350939999999923
20
-188.5230519999999785
11
104.3398559999999975
21
-188.3325759999999889
0
LINE
8
BLACK
6
CONTINUOUS
10
104.3398559999999975
20
-188.3325759999999889
11
104.1493799999999936
21
-188.0468609999999785
0
LINE
8
BLACK
6
CONTINUOUS
10
104.1493799999999936
20
-188.0468609999999785
11
104.0541419999999988
21
-187.9516229999999837
0
LINE
8
BLACK
6
CONTINUOUS
10
107.6731899999999911
20
-190.9992419999999811
11
107.5779509999999988
21
-190.9040039999999863
0
LINE
8
BLACK
6
CONTINUOUS
10
107.5779509999999988
20
-190.9040039999999863
11
107.3874749999999949
21
-190.6182900000000018
0
LINE
8
BLACK
6
CONTINUOUS
10
107.3874749999999949
20
-190.6182900000000018
11
107.2922370000000001
21
-190.4278139999999837
0
LINE
8
BLACK
6
CONTINUOUS
10
107.2922370000000001
20
-190.4278139999999837
11
107.196998999999991
21
-190.1420999999999992
0
LINE
8
BLACK
6
CONTINUOUS
10
107.196998999999991
20
-190.1420999999999992
11
107.1017609999999962
21
-189.6659089999999992
0
LINE
8
BLACK
6
CONTINUOUS
10
107.1017609999999962
20
-189.6659089999999992
11
107.1017609999999962
21
-189.2849569999999915
0
LINE
8
BLACK
6
CONTINUOUS
10
107.1017609999999962
20
-189.2849569999999915
11
107.196998999999991
21
-188.8087659999999914
0
LINE
8
BLACK
6
CONTINUOUS
10
107.196998999999991
20
-188.8087659999999914
11
107.2922370000000001
21
-188.5230519999999785
0
LINE
8
BLACK
6
CONTINUOUS
10
107.2922370000000001
20
-188.5230519999999785
11
107.3874749999999949
21
-188.3325759999999889
0
LINE
8
BLACK
6
CONTINUOUS
10
107.3874749999999949
20
-188.3325759999999889
11
107.5779509999999988
21
-188.0468609999999785
0
LINE
8
BLACK
6
CONTINUOUS
10
107.5779509999999988
20
-188.0468609999999785
11
107.6731899999999911
21
-187.9516229999999837
0
LINE
8
BLACK
6
CONTINUOUS
10
108.4350939999999923
20
-188.9040039999999863
11
108.4350939999999923
21
-190.2373379999999941
0
LINE
8
BLACK
6
CONTINUOUS
10
108.4350939999999923
20
-189.0944800000000043
11
108.5303320000000014
21
-188.9992419999999811
0
LINE
8
BLACK
6
CONTINUOUS
10
108.5303320000000014
20
-188.9992419999999811
11
108.720807999999991
21
-188.9040039999999863
0
LINE
8
BLACK
6
CONTINUOUS
10
108.720807999999991
20
-188.9040039999999863
11
109.0065230000000014
21
-188.9040039999999863
0
LINE
8
BLACK
6
CONTINUOUS
10
109.0065230000000014
20
-188.9040039999999863
11
109.196998999999991
21
-188.9992419999999811
0
LINE
8
BLACK
6
CONTINUOUS
10
109.196998999999991
20
-188.9992419999999811
11
109.2922370000000001
21
-189.1897189999999966
0
LINE
8
BLACK
6
CONTINUOUS
10
109.2922370000000001
20
-189.1897189999999966
11
109.2922370000000001
21
-190.2373379999999941
0
LINE
8
BLACK
6
CONTINUOUS
10
110.5303320000000014
20
-190.2373379999999941
11
110.3398559999999975
21
-190.1420999999999992
0
LINE
8
BLACK
6
CONTINUOUS
10
110.3398559999999975
20
-190.1420999999999992
11
110.2446179999999885
21
-190.0468609999999785
0
LINE
8
BLACK
6
CONTINUOUS
10
110.2446179999999885
20
-190.0468609999999785
11
110.1493799999999936
21
-189.8563849999999888
0
LINE
8
BLACK
6
CONTINUOUS
10
110.1493799999999936
20
-189.8563849999999888
11
110.1493799999999936
21
-189.2849569999999915
0
LINE
8
BLACK
6
CONTINUOUS
10
110.1493799999999936
20
-189.2849569999999915
11
110.2446179999999885
21
-189.0944800000000043
0
LINE
8
BLACK
6
CONTINUOUS
10
110.2446179999999885
20
-189.0944800000000043
11
110.3398559999999975
21
-188.9992419999999811
0
LINE
8
BLACK
6
CONTINUOUS
10
110.3398559999999975
20
-188.9992419999999811
11
110.5303320000000014
21
-188.9040039999999863
0
LINE
8
BLACK
6
CONTINUOUS
10
110.5303320000000014
20
-188.9040039999999863
11
110.8160469999999975
21
-188.9040039999999863
0
LINE
8
BLACK
6
CONTINUOUS
10
110.8160469999999975
20
-188.9040039999999863
11
111.0065230000000014
21
-188.9992419999999811
0
LINE
8
BLACK
6
CONTINUOUS
10
111.0065230000000014
20
-188.9992419999999811
11
111.1017609999999962
21
-189.0944800000000043
0
LINE
8
BLACK
6
CONTINUOUS
10
111.1017609999999962
20
-189.0944800000000043
11
111.196998999999991
21
-189.2849569999999915
0
LINE
8
BLACK
6
CONTINUOUS
10
111.196998999999991
20
-189.2849569999999915
11
111.196998999999991
21
-189.8563849999999888
0
LINE
8
BLACK
6
CONTINUOUS
10
111.196998999999991
20
-189.8563849999999888
11
111.1017609999999962
21
-190.0468609999999785
0
LINE
8
BLACK
6
CONTINUOUS
10
111.1017609999999962
20
-190.0468609999999785
11
111.0065230000000014
21
-190.1420999999999992
0
LINE
8
BLACK
6
CONTINUOUS
10
111.0065230000000014
20
-190.1420999999999992
11
110.8160469999999975
21
-190.2373379999999941
0
LINE
8
BLACK
6
CONTINUOUS
10
110.8160469999999975
20
-190.2373379999999941
11
110.5303320000000014
21
-190.2373379999999941
0
LINE
8
BLACK
6
CONTINUOUS
10
111.7684280000000001
20
-188.9040039999999863
11
112.5303320000000014
21
-188.9040039999999863
0
LINE
8
BLACK
6
CONTINUOUS
10
112.0541419999999988
20
-188.2373379999999941
11
112.0541419999999988
21
-189.9516229999999837
0
LINE
8
BLACK
6
CONTINUOUS
10
112.0541419999999988
20
-189.9516229999999837
11
112.1493799999999936
21
-190.1420999999999992
0
LINE
8
BLACK
6
CONTINUOUS
10
112.1493799999999936
20
-190.1420999999999992
11
112.3398559999999975
21
-190.2373379999999941
0
LINE
8
BLACK
6
CONTINUOUS
10
112.3398559999999975
20
-190.2373379999999941
11
112.5303320000000014
21
-190.2373379999999941
0
LINE
8
BLACK
6
CONTINUOUS
10
114.7208089999999885
20
-188.9040039999999863
11
114.7208089999999885
21
-190.9040039999999863
0
LINE
8
BLACK
6
CONTINUOUS
10
114.7208089999999885
20
-188.9992419999999811
11
114.9112849999999924
21
-188.9040039999999863
0
LINE
8
BLACK
6
CONTINUOUS
10
114.9112849999999924
20
-188.9040039999999863
11
115.2922379999999976
21
-188.9040039999999863
0
LINE
8
BLACK
6
CONTINUOUS
10
115.2922379999999976
20
-188.9040039999999863
11
115.4827140000000014
21
-188.9992419999999811
0
LINE
8
BLACK
6
CONTINUOUS
10
115.4827140000000014
20
-188.9992419999999811
11
115.5779519999999962
21
-189.0944800000000043
0
LINE
8
BLACK
6
CONTINUOUS
10
115.5779519999999962
20
-189.0944800000000043
11
115.6731899999999911
21
-189.2849569999999915
0
LINE
8
BLACK
6
CONTINUOUS
10
115.6731899999999911
20
-189.2849569999999915
11
115.6731899999999911
21
-189.8563849999999888
0
LINE
8
BLACK
6
CONTINUOUS
10
115.6731899999999911
20
-189.8563849999999888
11
115.5779519999999962
21
-190.0468609999999785
0
LINE
8
BLACK
6
CONTINUOUS
10
115.5779519999999962
20
-190.0468609999999785
11
115.4827140000000014
21
-190.1420999999999992
0
LINE
8
BLACK
6
CONTINUOUS
10
115.4827140000000014
20
-190.1420999999999992
11
115.2922379999999976
21
-190.2373379999999941
0
LINE
8
BLACK
6
CONTINUOUS
10
115.2922379999999976
20
-190.2373379999999941
11
114.9112849999999924
21
-190.2373379999999941
0
LINE
8
BLACK
6
CONTINUOUS
10
114.9112849999999924
20
-190.2373379999999941
11
114.7208089999999885
21
-190.1420999999999992
0
LINE
8
BLACK
6
CONTINUOUS
10
116.8160469999999975
20
-190.2373379999999941
11
116.6255709999999937
21
-190.1420999999999992
0
LINE
8
BLACK
6
CONTINUOUS
10
116.6255709999999937
20
-190.1420999999999992
11
116.5303329999999988
21
-189.9516229999999837
0
LINE
8
BLACK
6
CONTINUOUS
10
116.5303329999999988
20
-189.9516229999999837
11
116.5303329999999988
21
-188.2373379999999941
0
LINE
8
BLACK
6
CONTINUOUS
10
118.4350949999999898
20
-190.2373379999999941
11
118.4350949999999898
21
-189.1897189999999966
0
LINE
8
BLACK
6
CONTINUOUS
10
118.4350949999999898
20
-189.1897189999999966
11
118.339856999999995
21
-188.9992419999999811
0
LINE
8
BLACK
6
CONTINUOUS
10
118.339856999999995
20
-188.9992419999999811
11
118.1493809999999911
21
-188.9040039999999863
0
LINE
8
BLACK
6
CONTINUOUS
10
118.1493809999999911
20
-188.9040039999999863
11
117.7684280000000001
21
-188.9040039999999863
0
LINE
8
BLACK
6
CONTINUOUS
10
117.7684280000000001
20
-188.9040039999999863
11
117.5779519999999962
21
-188.9992419999999811
0
LINE
8
BLACK
6
CONTINUOUS
10
118.4350949999999898
20
-190.1420999999999992
11
118.2446190000000001
21
-190.2373379999999941
0
LINE
8
BLACK
6
CONTINUOUS
10
118.2446190000000001
20
-190.2373379999999941
11
117.7684280000000001
21
-190.2373379999999941
0
LINE
8
BLACK
6
CONTINUOUS
10
117.7684280000000001
20
-190.2373379999999941
11
117.5779519999999962
21
-190.1420999999999992
0
LINE
8
BLACK
6
CONTINUOUS
10
117.5779519999999962
20
-190.1420999999999992
11
117.4827140000000014
21
-189.9516229999999837
0
LINE
8
BLACK
6
CONTINUOUS
10
117.4827140000000014
20
-189.9516229999999837
11
117.4827140000000014
21
-189.761146999999994
0
LINE
8
BLACK
6
CONTINUOUS
10
117.4827140000000014
20
-189.761146999999994
11
117.5779519999999962
21
-189.5706710000000044
0
LINE
8
BLACK
6
CONTINUOUS
10
117.5779519999999962
20
-189.5706710000000044
11
117.7684280000000001
21
-189.4754329999999811
0
LINE
8
BLACK
6
CONTINUOUS
10
117.7684280000000001
20
-189.4754329999999811
11
118.2446190000000001
21
-189.4754329999999811
0
LINE
8
BLACK
6
CONTINUOUS
10
118.2446190000000001
20
-189.4754329999999811
11
118.4350949999999898
21
-189.3801949999999863
0
LINE
8
BLACK
6
CONTINUOUS
10
119.1017619999999937
20
-188.9040039999999863
11
119.8636659999999949
21
-188.9040039999999863
0
LINE
8
BLACK
6
CONTINUOUS
10
119.3874759999999924
20
-188.2373379999999941
11
119.3874759999999924
21
-189.9516229999999837
0
LINE
8
BLACK
6
CONTINUOUS
10
119.3874759999999924
20
-189.9516229999999837
11
119.4827140000000014
21
-190.1420999999999992
0
LINE
8
BLACK
6
CONTINUOUS
10
119.4827140000000014
20
-190.1420999999999992
11
119.6731899999999911
21
-190.2373379999999941
0
LINE
8
BLACK
6
CONTINUOUS
10
119.6731899999999911
20
-190.2373379999999941
11
119.8636659999999949
21
-190.2373379999999941
0
LINE
8
BLACK
6
CONTINUOUS
10
121.2922379999999976
20
-190.1420999999999992
11
121.1017619999999937
21
-190.2373379999999941
0
LINE
8
BLACK
6
CONTINUOUS
10
121.1017619999999937
20
-190.2373379999999941
11
120.7208089999999885
21
-190.2373379999999941
0
LINE
8
BLACK
6
CONTINUOUS
10
120.7208089999999885
20
-190.2373379999999941
11
120.5303329999999988
21
-190.1420999999999992
0
LINE
8
BLACK
6
CONTINUOUS
10
120.5303329999999988
20
-190.1420999999999992
11
120.4350949999999898
21
-189.9516229999999837
0
LINE
8
BLACK
6
CONTINUOUS
10
120.4350949999999898
20
-189.9516229999999837
11
120.4350949999999898
21
-189.1897189999999966
0
LINE
8
BLACK
6
CONTINUOUS
10
120.4350949999999898
20
-189.1897189999999966
11
120.5303329999999988
21
-188.9992419999999811
0
LINE
8
BLACK
6
CONTINUOUS
10
120.5303329999999988
20
-188.9992419999999811
11
120.7208089999999885
21
-188.9040039999999863
0
LINE
8
BLACK
6
CONTINUOUS
10
120.7208089999999885
20
-188.9040039999999863
11
121.1017619999999937
21
-188.9040039999999863
0
LINE
8
BLACK
6
CONTINUOUS
10
121.1017619999999937
20
-188.9040039999999863
11
121.2922379999999976
21
-188.9992419999999811
0
LINE
8
BLACK
6
CONTINUOUS
10
121.2922379999999976
20
-188.9992419999999811
11
121.3874759999999924
21
-189.1897189999999966
0
LINE
8
BLACK
6
CONTINUOUS
10
121.3874759999999924
20
-189.1897189999999966
11
121.3874759999999924
21
-189.3801949999999863
0
LINE
8
BLACK
6
CONTINUOUS
10
121.3874759999999924
20
-189.3801949999999863
11
120.4350949999999898
21
-189.5706710000000044
0
LINE
8
BLACK
6
CONTINUOUS
10
123.1017619999999937
20
-190.2373379999999941
11
123.1017619999999937
21
-188.2373379999999941
0
LINE
8
BLACK
6
CONTINUOUS
10
123.1017619999999937
20
-190.1420999999999992
11
122.9112859999999898
21
-190.2373379999999941
0
LINE
8
BLACK
6
CONTINUOUS
10
122.9112859999999898
20
-190.2373379999999941
11
122.5303329999999988
21
-190.2373379999999941
0
LINE
8
BLACK
6
CONTINUOUS
10
122.5303329999999988
20
-190.2373379999999941
11
122.339856999999995
21
-190.1420999999999992
0
LINE
8
BLACK
6
CONTINUOUS
10
122.339856999999995
20
-190.1420999999999992
11
122.2446190000000001
21
-190.0468609999999785
0
LINE
8
BLACK
6
CONTINUOUS
10
122.2446190000000001
20
-190.0468609999999785
11
122.1493809999999911
21
-189.8563849999999888
0
LINE
8
BLACK
6
CONTINUOUS
10
122.1493809999999911
20
-189.8563849999999888
11
122.1493809999999911
21
-189.2849569999999915
0
LINE
8
BLACK
6
CONTINUOUS
10
122.1493809999999911
20
-189.2849569999999915
11
122.2446190000000001
21
-189.0944800000000043
0
LINE
8
BLACK
6
CONTINUOUS
10
122.2446190000000001
20
-189.0944800000000043
11
122.339856999999995
21
-188.9992419999999811
0
LINE
8
BLACK
6
CONTINUOUS
10
122.339856999999995
20
-188.9992419999999811
11
122.5303329999999988
21
-188.9040039999999863
0
LINE
8
BLACK
6
CONTINUOUS
10
122.5303329999999988
20
-188.9040039999999863
11
122.9112859999999898
21
-188.9040039999999863
0
LINE
8
BLACK
6
CONTINUOUS
10
122.9112859999999898
20
-188.9040039999999863
11
123.1017619999999937
21
-188.9992419999999811
0
LINE
8
BLACK
6
CONTINUOUS
10
123.8636669999999924
20
-190.9992419999999811
11
123.9589050000000015
21
-190.9040039999999863
0
LINE
8
BLACK
6
CONTINUOUS
10
123.9589050000000015
20
-190.9040039999999863
11
124.1493809999999911
21
-190.6182900000000018
0
LINE
8
BLACK
6
CONTINUOUS
10
124.1493809999999911
20
-190.6182900000000018
11
124.2446190000000001
21
-190.4278139999999837
0
LINE
8
BLACK
6
CONTINUOUS
10
124.2446190000000001
20
-190.4278139999999837
11
124.339856999999995
21
-190.1420999999999992
0
LINE
8
BLACK
6
CONTINUOUS
10
124.339856999999995
20
-190.1420999999999992
11
124.4350949999999898
21
-189.6659089999999992
0
LINE
8
BLACK
6
CONTINUOUS
10
124.4350949999999898
20
-189.6659089999999992
11
124.4350949999999898
21
-189.2849569999999915
0
LINE
8
BLACK
6
CONTINUOUS
10
124.4350949999999898
20
-189.2849569999999915
11
124.339856999999995
21
-188.8087659999999914
0
LINE
8
BLACK
6
CONTINUOUS
10
124.339856999999995
20
-188.8087659999999914
11
124.2446190000000001
21
-188.5230519999999785
0
LINE
8
BLACK
6
CONTINUOUS
10
124.2446190000000001
20
-188.5230519999999785
11
124.1493809999999911
21
-188.3325759999999889
0
LINE
8
BLACK
6
CONTINUOUS
10
124.1493809999999911
20
-188.3325759999999889
11
123.9589050000000015
21
-188.0468609999999785
0
LINE
8
BLACK
6
CONTINUOUS
10
123.9589050000000015
20
-188.0468609999999785
11
123.8636669999999924
21
-187.9516229999999837
  0
ENDSEC
  0
EOF
